filename,image_width,image_height,gt_x_center,gt_y_center,gt_obj_width,gt_obj_height,conf_score,objectness_score,ascaris_conf_score,trichuris_conf_score,hookworm_conf_score,schistosoma_conf_score
10562371_1506_36_5b3b3b60-5570-4ff1-86b0-fd3617404b3a_I04060_X011_Y023_Z5390.jpg,1280,720,0.9883,0.4639,0.0234,0.0833,0.991406,0.465972,0.0171875,0.0680556,0.494039,0.525786,0.0385175,0.494039,0.00278438,0.000572691
12563297_1761_37_d8746d95-78bd-4734-be00-3571e4c438a2_I00050_X013_Y001_Z5087.jpg,1280,720,0.5445,0.1174,0.0594,0.1069,0.545313,0.122917,0.0546875,0.106944,0.408023,0.517116,0.0726478,0.00246461,0.408023,0.0244141
12563820_1761_37_d8746d95-78bd-4734-be00-3571e4c438a2_I00180_X009_Y002_Z5302.jpg,1280,720,0.8543,0.725,0.0555,0.1056,0.854297,0.727778,0.0539063,0.102778,0.780002,0.797272,0.00547026,0.00200246,0.780002,0.0984563
12564023_1761_37_d8746d95-78bd-4734-be00-3571e4c438a2_I00230_X009_Y003_Z5292.jpg,1280,720,0.4137,0.2618,0.0633,0.0847,0.413672,0.2625,0.0632813,0.0888889,0.73209,0.73712,0.00205042,0.00427604,0.73209,0.0505674
12564749_1761_37_d8746d95-78bd-4734-be00-3571e4c438a2_I00410_X013_Y004_Z5302.jpg,1280,720,0.2898,0.1403,0.0641,0.0917,0.287891,0.140278,0.0648438,0.102778,0.728738,0.795653,0.0545349,0.00312738,0.728738,0.0214853
12565530_1761_37_d8746d95-78bd-4734-be00-3571e4c438a2_I00610_X016_Y005_Z5263.jpg,1280,720,0.4387,0.5701,0.0492,0.1181,0.438672,0.568056,0.0554687,0.119444,0.451322,0.501316,0.0117736,0.00302671,0.451322,0.0515007
12565584_1761_37_d8746d95-78bd-4734-be00-3571e4c438a2_I00620_X017_Y005_Z5234.jpg,1280,720,0.2734,0.6687,0.0547,0.1181,0.273828,0.667361,0.0492188,0.1125,0.536057,0.543984,0.00233685,0.00552892,0.536057,0.0498501
12566286_1761_37_d8746d95-78bd-4734-be00-3571e4c438a2_I00800_X007_Y006_Z5292.jpg,1280,720,0.6379,0.325,0.0602,0.1306,0.639063,0.322917,0.0578125,0.115278,0.688886,0.72558,0.0218348,0.00199253,0.688886,0.0427542
12567292_1761_37_d8746d95-78bd-4734-be00-3571e4c438a2_I01050_X021_Y008_Z5214.jpg,1280,720,0.9043,0.216,0.0742,0.0903,0.903906,0.217361,0.06875,0.0847222,0.779668,0.791722,0.00217525,0.00449427,0.779668,0.10168
12567292_1761_37_d8746d95-78bd-4734-be00-3571e4c438a2_I01050_X021_Y008_Z5214.jpg,1280,720,0.1848,0.1847,0.0555,0.1139,0.183984,0.186806,0.0585938,0.1125,0.881768,0.88931,0.005818,0.0019311,0.881768,0.054898
12568011_1761_37_d8746d95-78bd-4734-be00-3571e4c438a2_I01230_X003_Y008_Z5498.jpg,1280,720,0.3387,0.2833,0.0523,0.1194,0.338281,0.288194,0.0515625,0.104167,0.727328,0.753325,0.0105621,0.00334672,0.727328,0.0543865
12568217_1761_37_d8746d95-78bd-4734-be00-3571e4c438a2_I01280_X006_Y009_Z5439.jpg,1280,720,0.2449,0.4451,0.0711,0.1208,0.243359,0.441667,0.0617188,0.111111,0.563465,0.586779,0.00775073,0.00348515,0.563465,0.0471827
12568217_1761_37_d8746d95-78bd-4734-be00-3571e4c438a2_I01280_X006_Y009_Z5439.jpg,1280,720,0.7312,0.5757,0.0719,0.1125,0.729688,0.576389,0.0609375,0.108333,0.328613,0.342009,0.00351001,0.00173526,0.328613,0.0554818
12568738_1761_37_d8746d95-78bd-4734-be00-3571e4c438a2_I01410_X019_Y009_Z5263.jpg,1280,720,0.8848,0.2347,0.0742,0.1,0.882812,0.232639,0.065625,0.0958333,0.833002,0.842131,0.00256654,0.00258203,0.833002,0.0913889
12568788_1761_37_d8746d95-78bd-4734-be00-3571e4c438a2_I01420_X020_Y009_Z5244.jpg,1280,720,0.557,0.1361,0.0547,0.1167,0.557031,0.131944,0.0546875,0.111111,0.582135,0.786172,0.2488,0.00231433,0.582135,0.0153585
12568788_1761_37_d8746d95-78bd-4734-be00-3571e4c438a2_I01420_X020_Y009_Z5244.jpg,1280,720,0.1531,0.2278,0.0703,0.1,0.154297,0.229167,0.0664062,0.0944444,0.770533,0.782356,0.00605563,0.00260676,0.770533,0.0530169
12569839_1761_37_d8746d95-78bd-4734-be00-3571e4c438a2_I01680_X003_Y011_Z5351.jpg,1280,720,0.6168,0.1806,0.0648,0.0944,0.618359,0.181944,0.0570313,0.0916667,0.776433,0.781528,0.00323109,0.00346103,0.776433,0.0472414
12573141_1761_37_d8746d95-78bd-4734-be00-3571e4c438a2_I02520_X008_Y014_Z5576.jpg,1280,720,0.0254,0.5493,0.0508,0.1069,0.0273438,0.552778,0.053125,0.1,0.231117,0.25296,0.00686896,0.00123395,0.231117,0.0291196
12573740_1761_37_d8746d95-78bd-4734-be00-3571e4c438a2_I02670_X008_Y015_Z5419.jpg,1280,720,0.3113,0.1069,0.0602,0.1194,0.308984,0.110417,0.0554687,0.109722,0.670522,0.673454,0.00132657,0.00248008,0.670522,0.0669085
12573910_1761_37_d8746d95-78bd-4734-be00-3571e4c438a2_I02710_X012_Y015_Z5585.jpg,1280,720,0.7086,0.7361,0.0641,0.1361,0.708594,0.738889,0.0578125,0.122222,0.62269,0.62582,0.00123852,0.00184956,0.62269,0.095977
12574086_1761_37_d8746d95-78bd-4734-be00-3571e4c438a2_I02750_X016_Y015_Z5488.jpg,1280,720,0.3191,0.7486,0.0758,0.1,0.322266,0.747222,0.0695312,0.0972222,0.532986,0.544959,0.00799161,0.00248523,0.532986,0.0319374
12575544_1761_37_d8746d95-78bd-4734-be00-3571e4c438a2_I03100_X003_Y017_Z5390.jpg,1280,720,0.8559,0.3854,0.0586,0.1319,0.854297,0.384722,0.0554687,0.119444,0.831009,0.836126,0.00161618,0.00137526,0.831009,0.172531
12576575_1761_37_d8746d95-78bd-4734-be00-3571e4c438a2_I03360_X020_Y018_Z5537.jpg,1280,720,0.7516,0.2611,0.0719,0.1,0.748047,0.257639,0.0617188,0.101389,0.802394,0.806295,0.00376536,0.00263212,0.802394,0.0375994
12576575_1761_37_d8746d95-78bd-4734-be00-3571e4c438a2_I03360_X020_Y018_Z5537.jpg,1280,720,0.2945,0.7722,0.0656,0.1139,0.294141,0.773611,0.0585938,0.105556,0.241337,0.266069,0.00995678,0.00177377,0.241337,0.0147456
12576575_1761_37_d8746d95-78bd-4734-be00-3571e4c438a2_I03360_X020_Y018_Z5537.jpg,1280,720,0.4199,0.1347,0.0664,0.1083,0.419531,0.138194,0.065625,0.118056,0.784143,0.79326,0.00623425,0.00235625,0.784143,0.0447192
12577248_1761_37_d8746d95-78bd-4734-be00-3571e4c438a2_I03520_X004_Y018_Z5537.jpg,1280,720,0.666,0.7361,0.0508,0.1111,0.666406,0.736111,0.05,0.108333,0.654227,0.744333,0.0543859,0.0023695,0.654227,0.0417399
12578757_1761_37_d8746d95-78bd-4734-be00-3571e4c438a2_I03890_X015_Y020_Z5712.jpg,1280,720,0.9352,0.4826,0.0656,0.0986,0.937109,0.484722,0.0632813,0.102778,0.202311,0.239798,0.0156335,0.000555263,0.202311,0.0279128
12579132_1761_37_d8746d95-78bd-4734-be00-3571e4c438a2_I03980_X006_Y020_Z5527.jpg,1280,720,0.8957,0.709,0.057,0.1208,0.896094,0.711111,0.053125,0.111111,0.653588,0.791212,0.185844,0.00209481,0.653588,0.0223862
12583574_1761_37_d8746d95-78bd-4734-be00-3571e4c438a2_I05050_X008_Y025_Z5527.jpg,1280,720,0.3902,0.7278,0.0539,0.1056,0.390234,0.731944,0.0460938,0.105556,0.692022,0.70013,0.00685852,0.00311272,0.692022,0.0337442
12584151_1761_37_d8746d95-78bd-4734-be00-3571e4c438a2_I05190_X022_Y025_Z5332.jpg,1280,720,0.8289,0.2993,0.0641,0.0986,0.827344,0.298611,0.0578125,0.0972222,0.879274,0.880327,0.00171665,0.00203343,0.879274,0.0384021
12584190_1761_37_d8746d95-78bd-4734-be00-3571e4c438a2_I05200_X023_Y025_Z5332.jpg,1280,720,0.1059,0.309,0.0711,0.0986,0.102344,0.304861,0.059375,0.0958333,0.820762,0.823871,0.00258743,0.00287922,0.820762,0.0448879
12584264_1761_37_d8746d95-78bd-4734-be00-3571e4c438a2_I05220_X022_Y026_Z5263.jpg,1280,720,0.2102,0.6576,0.0563,0.1181,0.212109,0.663889,0.0507812,0.113889,0.783618,0.787687,0.0019057,0.0045178,0.783618,0.0631747
12584959_1761_37_d8746d95-78bd-4734-be00-3571e4c438a2_I05380_X006_Y026_Z5400.jpg,1280,720,0.7246,0.4181,0.0664,0.0944,0.723437,0.420139,0.0640625,0.0847222,0.606399,0.620606,0.00924638,0.00347778,0.606399,0.0223475
12586551_1761_37_d8746d95-78bd-4734-be00-3571e4c438a2_I05730_X014_Y028_Z5664.jpg,1280,720,0.0344,0.2542,0.0688,0.1056,0.0339844,0.250694,0.0601562,0.106944,0.521931,0.525038,0.000901663,0.00237703,0.521931,0.073598
12588862_1761_37_d8746d95-78bd-4734-be00-3571e4c438a2_I06190_X008_Y030_Z5625.jpg,1280,720,0.0754,0.8743,0.0648,0.1125,0.0773437,0.875,0.0625,0.113889,0.685547,0.705505,0.0051388,0.00374556,0.685547,0.0633347
12588920_1761_37_d8746d95-78bd-4734-be00-3571e4c438a2_I06200_X007_Y030_Z5478.jpg,1280,720,0.8117,0.8785,0.0609,0.1097,0.811328,0.879861,0.0585938,0.109722,0.808682,0.828901,0.0100144,0.00300304,0.808682,0.0548842
12588920_1761_37_d8746d95-78bd-4734-be00-3571e4c438a2_I06200_X007_Y030_Z5478.jpg,1280,720,0.2301,0.4132,0.0586,0.1125,0.230078,0.410417,0.0585938,0.115278,0.825921,0.850181,0.00965875,0.00257649,0.825921,0.0672843
12590590_1761_37_d8746d95-78bd-4734-be00-3571e4c438a2_I06560_X006_Y032_Z5615.jpg,1280,720,0.7523,0.7444,0.0578,0.1,0.751172,0.74375,0.0539063,0.0958333,0.811138,0.813989,0.00240663,0.00258034,0.811138,0.0514434
12591678_1761_37_d8746d95-78bd-4734-be00-3571e4c438a2_I06800_X012_Y034_Z5761.jpg,1280,720,0.3238,0.4938,0.0539,0.1069,0.323047,0.491667,0.0460938,0.105556,0.650603,0.662861,0.00672597,0.00400195,0.650603,0.0517344
12740688_1777_37_0d613c0a-b728-456e-bd7d-dce1958e5078_I00420_X010_Y004_Z4912.jpg,1280,720,0.4805,0.7312,0.1375,0.1486,0.479297,0.733333,0.139844,0.152778,0.402423,0.402458,9.8185e-05,0.000749292,0.00155537,0.402423
12812192_1787_37_27ec8f45-01bf-4087-8b02-26ccdfdb945a_I00810_X005_Y004_Z5117.jpg,1280,720,0.675,0.3875,0.1391,0.1444,0.675781,0.397917,0.14375,0.148611,0.71256,0.71282,0.000540584,0.00082057,0.00480804,0.71256
12815106_1787_37_27ec8f45-01bf-4087-8b02-26ccdfdb945a_I01640_X019_Y008_Z5224.jpg,1280,720,0.0559,0.1521,0.1117,0.1958,0.0640625,0.172222,0.1,0.158333,0.790277,0.790732,0.000553958,0.00138028,0.00302056,0.790277
12815373_1787_37_27ec8f45-01bf-4087-8b02-26ccdfdb945a_I01710_X012_Y008_Z5224.jpg,1280,720,0.2227,0.1514,0.0437,0.075,0.224219,0.153472,0.0375,0.0680556,0.426604,0.778129,0.102736,0.426604,0.0197067,0.00524479
12815480_1787_37_27ec8f45-01bf-4087-8b02-26ccdfdb945a_I01740_X009_Y008_Z5283.jpg,1280,720,0.6906,0.7924,0.0938,0.2236,0.693359,0.775,0.0851562,0.191667,0.83551,0.838396,0.00378909,0.00108008,0.00432081,0.83551
12818533_1787_37_27ec8f45-01bf-4087-8b02-26ccdfdb945a_I02580_X025_Y011_Z5283.jpg,1280,720,0.8059,0.9576,0.0414,0.0819,0.80625,0.956944,0.0359375,0.0777778,0.677165,0.678339,0.000317415,0.677165,0.0163041,0.00571832
12819767_1787_37_27ec8f45-01bf-4087-8b02-26ccdfdb945a_I02920_X004_Y013_Z5312.jpg,1280,720,0.3883,0.5396,0.1453,0.1458,0.385938,0.540972,0.117188,0.123611,0.839779,0.839932,0.000393997,0.00161921,0.00288616,0.839779
12820255_1787_37_27ec8f45-01bf-4087-8b02-26ccdfdb945a_I03050_X017_Y013_Z5351.jpg,1280,720,0.9742,0.3326,0.05,0.2292,0.980859,0.340278,0.0382813,0.183333,0.531311,0.531805,0.00167638,0.00151838,0.00197309,0.531311
12820317_1787_37_27ec8f45-01bf-4087-8b02-26ccdfdb945a_I03060_X018_Y013_Z5292.jpg,1280,720,0.2703,0.3,0.075,0.2444,0.273047,0.289583,0.0867188,0.243056,0.913344,0.913371,0.000207281,0.000182615,0.00140201,0.913344
12822170_1787_37_27ec8f45-01bf-4087-8b02-26ccdfdb945a_I03560_X012_Y015_Z5361.jpg,1280,720,0.8922,0.6278,0.0969,0.2083,0.892187,0.610417,0.0875,0.2125,0.694896,0.695334,0.00058305,0.00120741,0.00220845,0.694896
12822383_1787_37_27ec8f45-01bf-4087-8b02-26ccdfdb945a_I03620_X018_Y015_Z5312.jpg,1280,720,0.3191,0.8715,0.1305,0.1625,0.313672,0.868056,0.128906,0.186111,0.273736,0.274738,0.00144529,0.000759265,0.00156743,0.273736
12822667_1787_37_27ec8f45-01bf-4087-8b02-26ccdfdb945a_I03700_X026_Y015_Z5273.jpg,1280,720,0.5035,0.3417,0.0852,0.2056,0.499219,0.335417,0.09375,0.209722,0.893327,0.893337,3.65861e-05,0.000893572,0.00161126,0.893327
12822775_1787_37_27ec8f45-01bf-4087-8b02-26ccdfdb945a_I03730_X028_Y016_Z5312.jpg,1280,720,0.0441,0.2069,0.0883,0.2472,0.0511719,0.191667,0.0929687,0.208333,0.380191,0.380538,0.000875888,0.00029421,0.00200047,0.380191
12824536_1787_37_27ec8f45-01bf-4087-8b02-26ccdfdb945a_I04230_X023_Y017_Z5429.jpg,1280,720,0.5023,0.0715,0.1141,0.1431,0.494141,0.0833333,0.133594,0.161111,0.828752,0.82876,3.25029e-05,0.000949775,0.0017328,0.828752
12824994_1787_37_27ec8f45-01bf-4087-8b02-26ccdfdb945a_I04340_X023_Y018_Z5390.jpg,1280,720,0.4824,0.8819,0.1133,0.1722,0.481641,0.888889,0.124219,0.144444,0.76648,0.766499,3.51145e-05,0.00109602,0.00318013,0.76648
12825860_1787_37_27ec8f45-01bf-4087-8b02-26ccdfdb945a_I04540_X003_Y018_Z5478.jpg,1280,720,0.0148,0.616,0.0281,0.0875,0.0136719,0.613889,0.0273438,0.0722222,0.842593,0.843417,0.00115837,0.842593,0.00690327,0.00119438
12825860_1787_37_27ec8f45-01bf-4087-8b02-26ccdfdb945a_I04540_X003_Y018_Z5478.jpg,1280,720,0.6324,0.2597,0.0867,0.2417,0.633594,0.258333,0.0875,0.255556,0.9637,0.963706,3.39289e-05,0.000516399,0.00153139,0.9637
12827862_1787_37_27ec8f45-01bf-4087-8b02-26ccdfdb945a_I05000_X013_Y020_Z5390.jpg,1280,720,0.1211,0.6708,0.1281,0.1667,0.117188,0.672222,0.129688,0.169444,0.299445,0.299494,0.00010318,0.000491455,0.00147691,0.299445
12829744_1787_37_27ec8f45-01bf-4087-8b02-26ccdfdb945a_I05420_X026_Y022_Z5449.jpg,1280,720,0.5695,0.7201,0.1141,0.2125,0.564844,0.711111,0.1125,0.172222,0.889602,0.889767,0.000347056,0.000923996,0.00211924,0.889602
12832156_1787_37_27ec8f45-01bf-4087-8b02-26ccdfdb945a_I05970_X025_Y024_Z5410.jpg,1280,720,0.368,0.8715,0.1266,0.1319,0.362109,0.888889,0.110156,0.136111,0.282013,0.282132,0.000136525,0.000886366,0.00168918,0.282013
12832484_1787_37_27ec8f45-01bf-4087-8b02-26ccdfdb945a_I06040_X018_Y024_Z5380.jpg,1280,720,0.4609,0.6708,0.1109,0.2056,0.462109,0.673611,0.100781,0.169444,0.915898,0.91696,0.0024619,0.00138434,0.0020401,0.915898
12835320_1787_37_27ec8f45-01bf-4087-8b02-26ccdfdb945a_I06700_X005_Y026_Z5488.jpg,1280,720,0.532,0.4139,0.0516,0.0667,0.533203,0.414583,0.0445312,0.0625,0.714994,0.725208,0.00348678,0.714994,0.0148222,0.00427403
12839449_1787_37_27ec8f45-01bf-4087-8b02-26ccdfdb945a_I07670_X005_Y030_Z5449.jpg,1280,720,0.5031,0.9444,0.1469,0.1083,0.496094,0.94375,0.14375,0.1125,0.326997,0.327162,0.000226973,0.000517532,0.00274301,0.326997
12840196_1787_37_27ec8f45-01bf-4087-8b02-26ccdfdb945a_I07840_X018_Y031_Z5458.jpg,1280,720,0.2426,0.6028,0.0914,0.2306,0.2375,0.599306,0.084375,0.218056,0.697075,0.697183,0.0001434,0.00107684,0.00220802,0.697075
12936506_1798_37_80f03c65-30d7-4c83-919e-c8934abe5899_I02940_X016_Y016_Z5410.jpg,1280,720,0.393,0.5931,0.1031,0.2389,0.394141,0.6,0.0851562,0.194444,0.222671,0.225074,0.00329157,0.000435978,0.00211752,0.222671
12947582_1798_37_80f03c65-30d7-4c83-919e-c8934abe5899_I05930_X013_Y029_Z5410.jpg,1280,720,0.1422,0.4701,0.0766,0.2292,0.144922,0.477778,0.0851562,0.219444,0.811078,0.811103,6.35406e-05,0.00111168,0.00112959,0.811078
12950814_1798_37_80f03c65-30d7-4c83-919e-c8934abe5899_I06730_X009_Y034_Z5664.jpg,1280,720,0.2418,0.3194,0.1289,0.2139,0.244141,0.324306,0.122656,0.1875,0.800026,0.800403,0.000833162,0.000957146,0.00298173,0.800026
13125512_1824_37_e22aaf8c-59e9-47e9-83ec-efda6e7d13d1_I00970_X016_Y006_Z5351.jpg,1280,720,0.7492,0.2819,0.0859,0.2389,0.748047,0.290972,0.0820312,0.231944,0.785683,0.785709,0.000121107,0.000356695,0.00202786,0.785683
13129414_1824_37_e22aaf8c-59e9-47e9-83ec-efda6e7d13d1_I01930_X014_Y010_Z5429.jpg,1280,720,0.1273,0.3528,0.0813,0.2333,0.135547,0.359722,0.0835937,0.186111,0.558711,0.563309,0.00381799,0.000695221,0.0110758,0.558711
13154580_1824_37_e22aaf8c-59e9-47e9-83ec-efda6e7d13d1_I08060_X008_Y033_Z5166.jpg,1280,720,0.5066,0.2931,0.0852,0.1972,0.498437,0.292361,0.0921875,0.201389,0.654479,0.656096,0.00335021,0.000434942,0.00346346,0.654479
13157890_1824_37_e22aaf8c-59e9-47e9-83ec-efda6e7d13d1_I08770_X013_Y036_Z4541.jpg,1280,720,0.4262,0.3965,0.1148,0.1264,0.424219,0.4,0.128125,0.130556,0.852313,0.852366,0.00010854,0.00124114,0.00246918,0.852313
13168111_1829_37_2088f990-dbf6-40ec-beb9-7501288b5f46_I01790_X016_Y011_Z5224.jpg,1280,720,0.7453,0.0729,0.1,0.1458,0.739453,0.0763889,0.107031,0.144444,0.563917,0.565818,0.00368794,0.00173946,0.00518126,0.563917
13169792_1829_37_2088f990-dbf6-40ec-beb9-7501288b5f46_I02250_X016_Y013_Z5273.jpg,1280,720,0.4234,0.6104,0.0906,0.2097,0.417578,0.628472,0.0945313,0.220833,0.553798,0.553829,5.64039e-05,0.000830665,0.00176585,0.553798
13169792_1829_37_2088f990-dbf6-40ec-beb9-7501288b5f46_I02250_X016_Y013_Z5273.jpg,1280,720,0.882,0.8424,0.1484,0.1458,0.858203,0.835417,0.0929687,0.143056,0.244078,0.245813,0.00297959,0.00106227,0.00231557,0.244078
13175474_1829_37_2088f990-dbf6-40ec-beb9-7501288b5f46_I03800_X022_Y020_Z5371.jpg,1280,720,0.5645,0.7944,0.1273,0.2278,0.572266,0.792361,0.113281,0.206944,0.661183,0.661328,0.000218105,0.00123612,0.00222057,0.661183
13178367_1829_37_2088f990-dbf6-40ec-beb9-7501288b5f46_I04580_X009_Y023_Z5595.jpg,1280,720,0.5195,0.1993,0.1219,0.1347,0.522656,0.202778,0.117188,0.152778,0.381193,0.381441,0.000426064,0.000860263,0.00193981,0.381193
13183890_1829_37_2088f990-dbf6-40ec-beb9-7501288b5f46_I06010_X014_Y029_Z5498.jpg,1280,720,0.1699,0.35,0.093,0.2639,0.164453,0.346528,0.0882813,0.206944,0.772603,0.773642,0.00271769,0.00208094,0.00631968,0.772603
13184488_1829_37_2088f990-dbf6-40ec-beb9-7501288b5f46_I06150_X017_Y030_Z5449.jpg,1280,720,0.7664,0.7896,0.0953,0.2458,0.771094,0.778472,0.090625,0.234722,0.768828,0.768998,0.000594061,0.000439186,0.00188519,0.768828
13212948_1835_37_d7d36bc0-30cb-4310-a5d1-e95327a5d4c4_I00780_X007_Y006_Z5000.jpg,1280,720,0.2504,0.2562,0.1148,0.2347,0.250391,0.258333,0.102344,0.219444,0.748381,0.748423,0.000135816,0.000776792,0.00162886,0.748381
13212948_1835_37_d7d36bc0-30cb-4310-a5d1-e95327a5d4c4_I00780_X007_Y006_Z5000.jpg,1280,720,0.0449,0.8708,0.0898,0.2556,0.0421875,0.853472,0.084375,0.254167,0.499386,0.499442,0.000114074,0.00111684,0.00171504,0.499386
13215073_1835_37_d7d36bc0-30cb-4310-a5d1-e95327a5d4c4_I01360_X017_Y009_Z5087.jpg,1280,720,0.4027,0.5486,0.1336,0.2111,0.401563,0.547917,0.126563,0.181944,0.559687,0.559816,0.000319493,0.000465852,0.00297481,0.559687
13218502_1835_37_d7d36bc0-30cb-4310-a5d1-e95327a5d4c4_I02270_X020_Y013_Z5224.jpg,1280,720,0.2699,0.4576,0.1164,0.1819,0.267188,0.461806,0.126563,0.193056,0.788971,0.789638,0.0017709,0.00147113,0.00384063,0.788971
13222473_1835_37_d7d36bc0-30cb-4310-a5d1-e95327a5d4c4_I03320_X015_Y018_Z5361.jpg,1280,720,0.3219,0.7972,0.0859,0.2083,0.318359,0.794444,0.0960938,0.225,0.497676,0.497732,0.000152821,0.000293224,0.00242346,0.497676
13224566_1835_37_d7d36bc0-30cb-4310-a5d1-e95327a5d4c4_I03870_X006_Y020_Z5517.jpg,1280,720,0.2055,0.7958,0.1031,0.2833,0.205859,0.795833,0.107031,0.275,0.596005,0.596582,0.00151251,0.00171045,0.00254485,0.596005
13227789_1835_37_d7d36bc0-30cb-4310-a5d1-e95327a5d4c4_I04720_X013_Y024_Z5722.jpg,1280,720,0.5469,0.4903,0.0953,0.225,0.545313,0.498611,0.0953125,0.233333,0.378834,0.378884,7.65077e-05,0.000739251,0.00154371,0.378834
13231239_1835_37_d7d36bc0-30cb-4310-a5d1-e95327a5d4c4_I05580_X012_Y028_Z5556.jpg,1280,720,0.0383,0.7028,0.0766,0.2778,0.0417969,0.704861,0.0835937,0.201389,0.493419,0.494565,0.00255817,0.00167608,0.00359183,0.493419
13231239_1835_37_d7d36bc0-30cb-4310-a5d1-e95327a5d4c4_I05580_X012_Y028_Z5556.jpg,1280,720,0.6012,0.4375,0.1398,0.1333,0.590625,0.447222,0.117188,0.130556,0.239304,0.239953,0.00171015,0.00070839,0.00103792,0.239304
13318948_1851_38_39429b2c-a756-467a-8320-09ac7a94f130_I02160_X002_Y019_Z5298.jpg,1280,720,0.7512,0.5854,0.0633,0.1042,0.752344,0.586806,0.059375,0.101389,0.907711,0.908779,0.907711,0.000403826,0.00531435,0.00183174
13318948_1851_38_39429b2c-a756-467a-8320-09ac7a94f130_I02160_X002_Y019_Z5298.jpg,1280,720,0.7656,0.4069,0.0547,0.0639,0.7625,0.408333,0.0515625,0.0611111,0.482493,0.485121,0.00512441,0.482493,0.00903665,0.000789183
13318948_1851_38_39429b2c-a756-467a-8320-09ac7a94f130_I02160_X002_Y019_Z5298.jpg,1280,720,0.6855,0.9181,0.0586,0.1,0.687891,0.919444,0.0554687,0.0888889,0.908492,0.909518,0.908492,0.00123241,0.00369969,0.00116439
13318948_1851_38_39429b2c-a756-467a-8320-09ac7a94f130_I02160_X002_Y019_Z5298.jpg,1280,720,0.4176,0.6882,0.0586,0.0903,0.417969,0.686111,0.0578125,0.0888889,0.91337,0.914135,0.91337,0.0010585,0.00245328,0.00085165
13318948_1851_38_39429b2c-a756-467a-8320-09ac7a94f130_I02160_X002_Y019_Z5298.jpg,1280,720,0.6207,0.1021,0.0602,0.0875,0.619141,0.104861,0.0601562,0.0875,0.888483,0.889564,0.888483,0.00052975,0.00473937,0.0013081
13318948_1851_38_39429b2c-a756-467a-8320-09ac7a94f130_I02160_X002_Y019_Z5298.jpg,1280,720,0.9434,0.8236,0.0664,0.0833,0.942969,0.822222,0.0640625,0.0833333,0.921538,0.922187,0.921538,0.000942172,0.00222724,0.000862002
13318948_1851_38_39429b2c-a756-467a-8320-09ac7a94f130_I02160_X002_Y019_Z5298.jpg,1280,720,0.7148,0.825,0.0312,0.0944,0.714844,0.824306,0.0328125,0.0930556,0.889034,0.889087,4.62789e-05,0.889034,0.0167036,0.00211837
13319003_1851_38_39429b2c-a756-467a-8320-09ac7a94f130_I02408_X002_Y020_Z5366.jpg,1280,720,0.5457,0.7396,0.0539,0.1097,0.544922,0.74375,0.0523437,0.0986111,0.941837,0.942517,0.941837,0.000455907,0.00342692,0.00085941
13319003_1851_38_39429b2c-a756-467a-8320-09ac7a94f130_I02408_X002_Y020_Z5366.jpg,1280,720,0.1934,0.4299,0.0586,0.0986,0.194531,0.430556,0.05625,0.1,0.939396,0.940429,0.939396,0.000526765,0.00446575,0.00143935
13319003_1851_38_39429b2c-a756-467a-8320-09ac7a94f130_I02408_X002_Y020_Z5366.jpg,1280,720,0.8375,0.4319,0.0422,0.0722,0.840625,0.4375,0.034375,0.0805556,0.890566,0.890655,6.95202e-05,0.890566,0.0134627,0.00188159
13319003_1851_38_39429b2c-a756-467a-8320-09ac7a94f130_I02408_X002_Y020_Z5366.jpg,1280,720,0.1191,0.1187,0.0539,0.1097,0.117969,0.116667,0.0515625,0.105556,0.930542,0.932171,0.930542,0.00100708,0.00369788,0.000901148
13319003_1851_38_39429b2c-a756-467a-8320-09ac7a94f130_I02408_X002_Y020_Z5366.jpg,1280,720,0.5996,0.6667,0.0508,0.1083,0.600781,0.665972,0.05625,0.104167,0.942182,0.943011,0.942182,0.000446915,0.0046061,0.00127741
13319003_1851_38_39429b2c-a756-467a-8320-09ac7a94f130_I02408_X002_Y020_Z5366.jpg,1280,720,0.1613,0.3431,0.0555,0.0972,0.163672,0.345833,0.0539063,0.0972222,0.894868,0.896095,0.894868,0.000565845,0.0046242,0.00155092
13319003_1851_38_39429b2c-a756-467a-8320-09ac7a94f130_I02408_X002_Y020_Z5366.jpg,1280,720,0.6211,0.9736,0.0625,0.05,0.622266,0.972222,0.0695312,0.0555556,0.923305,0.9243,0.923305,0.00169406,0.00285133,0.00121385
13319003_1851_38_39429b2c-a756-467a-8320-09ac7a94f130_I02408_X002_Y020_Z5366.jpg,1280,720,0.8234,0.5118,0.0594,0.0903,0.824219,0.513194,0.059375,0.0902778,0.941987,0.942346,0.941987,0.000400694,0.00182975,0.000482485
13319003_1851_38_39429b2c-a756-467a-8320-09ac7a94f130_I02408_X002_Y020_Z5366.jpg,1280,720,0.175,0.1132,0.0594,0.0986,0.16875,0.118056,0.0578125,0.0888889,0.899362,0.900713,0.899362,0.000618807,0.00499514,0.00141024
13319403_1851_38_39429b2c-a756-467a-8320-09ac7a94f130_I01584_X003_Y014_Z5386.jpg,1280,720,0.9484,0.4576,0.0531,0.1208,0.950781,0.446528,0.0609375,0.0958333,0.756324,0.757339,0.756324,0.0016063,0.00330436,0.00147125
13319403_1851_38_39429b2c-a756-467a-8320-09ac7a94f130_I01584_X003_Y014_Z5386.jpg,1280,720,0.7316,0.7993,0.0508,0.0958,0.733203,0.796528,0.0476562,0.0958333,0.920846,0.921627,0.920846,0.00159769,0.00411311,0.00123707
13319403_1851_38_39429b2c-a756-467a-8320-09ac7a94f130_I01584_X003_Y014_Z5386.jpg,1280,720,0.8605,0.4285,0.057,0.1069,0.861328,0.430556,0.0507812,0.1,0.882518,0.88356,0.882518,0.00139709,0.00343286,0.00127319
13319403_1851_38_39429b2c-a756-467a-8320-09ac7a94f130_I01584_X003_Y014_Z5386.jpg,1280,720,0.9258,0.2007,0.0469,0.0597,0.923047,0.200694,0.0476562,0.0541667,0.778718,0.778813,0.000100831,0.778718,0.00439261,0.000739199
13319403_1851_38_39429b2c-a756-467a-8320-09ac7a94f130_I01584_X003_Y014_Z5386.jpg,1280,720,0.3816,0.2528,0.0602,0.1167,0.382031,0.245833,0.0484375,0.0944444,0.877637,0.879322,0.877637,0.00224081,0.00322592,0.00105158
13319403_1851_38_39429b2c-a756-467a-8320-09ac7a94f130_I01584_X003_Y014_Z5386.jpg,1280,720,0.4871,0.0181,0.0492,0.0361,0.491016,0.0236111,0.0460938,0.0444444,0.785295,0.791952,0.785295,0.00446667,0.00291762,0.000825158
13319403_1851_38_39429b2c-a756-467a-8320-09ac7a94f130_I01584_X003_Y014_Z5386.jpg,1280,720,0.7812,0.7076,0.0563,0.0736,0.782422,0.707639,0.0601562,0.0847222,0.853444,0.855339,0.853444,0.00214361,0.00324221,0.00112029
13319403_1851_38_39429b2c-a756-467a-8320-09ac7a94f130_I01584_X003_Y014_Z5386.jpg,1280,720,0.4719,0.2118,0.0531,0.1042,0.471484,0.2125,0.0492188,0.0972222,0.843296,0.850062,0.843296,0.00340079,0.00595724,0.00159655
13319403_1851_38_39429b2c-a756-467a-8320-09ac7a94f130_I01584_X003_Y014_Z5386.jpg,1280,720,0.8609,0.3528,0.0594,0.0667,0.858594,0.351389,0.05625,0.075,0.878279,0.879486,0.878279,0.00199773,0.00270489,0.000810444
13319455_1851_38_39429b2c-a756-467a-8320-09ac7a94f130_I01624_X003_Y015_Z5366.jpg,1280,720,0.3852,0.5201,0.0563,0.0931,0.382812,0.523611,0.0546875,0.0888889,0.928738,0.929712,0.928738,0.000616195,0.00362496,0.000891896
13319455_1851_38_39429b2c-a756-467a-8320-09ac7a94f130_I01624_X003_Y015_Z5366.jpg,1280,720,0.6555,0.3674,0.0688,0.0903,0.655859,0.366667,0.0679687,0.0916667,0.910772,0.911258,0.910772,0.000362598,0.00251589,0.0006153
13319455_1851_38_39429b2c-a756-467a-8320-09ac7a94f130_I01624_X003_Y015_Z5366.jpg,1280,720,0.7797,0.6056,0.0516,0.0944,0.780859,0.606944,0.0554687,0.0888889,0.927774,0.929565,0.927774,0.000602283,0.00516818,0.00170827
13319455_1851_38_39429b2c-a756-467a-8320-09ac7a94f130_I01624_X003_Y015_Z5366.jpg,1280,720,0.9766,0.7375,0.0453,0.0944,0.975781,0.736111,0.0484375,0.0861111,0.888035,0.889578,0.888035,0.000777949,0.00521252,0.00161148
13319455_1851_38_39429b2c-a756-467a-8320-09ac7a94f130_I01624_X003_Y015_Z5366.jpg,1280,720,0.4938,0.8771,0.0547,0.0986,0.491797,0.876389,0.0523437,0.0888889,0.8635,0.867462,0.8635,0.00157087,0.00696925,0.00198467
13319455_1851_38_39429b2c-a756-467a-8320-09ac7a94f130_I01624_X003_Y015_Z5366.jpg,1280,720,0.4902,0.7278,0.0523,0.1028,0.489453,0.725,0.0523437,0.1,0.924627,0.925664,0.924627,0.0021453,0.00502736,0.00163238
13319455_1851_38_39429b2c-a756-467a-8320-09ac7a94f130_I01624_X003_Y015_Z5366.jpg,1280,720,0.9176,0.2528,0.057,0.1028,0.916016,0.252083,0.0570313,0.101389,0.919547,0.920259,0.919547,0.000544664,0.00317866,0.000878185
13319455_1851_38_39429b2c-a756-467a-8320-09ac7a94f130_I01624_X003_Y015_Z5366.jpg,1280,720,0.5645,0.6806,0.057,0.0806,0.565625,0.682639,0.0546875,0.0763889,0.909698,0.910895,0.909698,0.00148253,0.00316573,0.000863704
13319455_1851_38_39429b2c-a756-467a-8320-09ac7a94f130_I01624_X003_Y015_Z5366.jpg,1280,720,0.9547,0.6819,0.0422,0.0861,0.957031,0.675,0.0375,0.0805556,0.779388,0.804324,0.0675439,0.779388,0.00476735,0.0010448
13319547_1851_38_39429b2c-a756-467a-8320-09ac7a94f130_I01856_X003_Y016_Z5337.jpg,1280,720,0.6879,0.5056,0.043,0.1083,0.684375,0.502083,0.0375,0.0902778,0.49093,0.491312,0.000222972,0.49093,0.00705014,0.00166699
13319547_1851_38_39429b2c-a756-467a-8320-09ac7a94f130_I01856_X003_Y016_Z5337.jpg,1280,720,0.2195,0.5507,0.0563,0.1097,0.219531,0.548611,0.05625,0.105556,0.922901,0.924231,0.922901,0.000523991,0.0058097,0.00196863
13319547_1851_38_39429b2c-a756-467a-8320-09ac7a94f130_I01856_X003_Y016_Z5337.jpg,1280,720,0.8539,0.6701,0.05,0.0958,0.858594,0.669444,0.046875,0.0861111,0.854629,0.855535,0.854629,0.000904481,0.00254785,0.000736894
13319547_1851_38_39429b2c-a756-467a-8320-09ac7a94f130_I01856_X003_Y016_Z5337.jpg,1280,720,0.8859,0.6118,0.0625,0.0875,0.884766,0.609722,0.0632813,0.0888889,0.892844,0.894044,0.892844,0.00124392,0.00358372,0.00136402
13319547_1851_38_39429b2c-a756-467a-8320-09ac7a94f130_I01856_X003_Y016_Z5337.jpg,1280,720,0.5375,0.8132,0.0547,0.0986,0.537109,0.815972,0.0507812,0.101389,0.900795,0.902065,0.900795,0.000607797,0.00496793,0.00138343
13319547_1851_38_39429b2c-a756-467a-8320-09ac7a94f130_I01856_X003_Y016_Z5337.jpg,1280,720,0.8547,0.3139,0.0484,0.0917,0.855078,0.309028,0.0523437,0.0958333,0.931344,0.932231,0.931344,0.00122925,0.00278641,0.000834875
13319547_1851_38_39429b2c-a756-467a-8320-09ac7a94f130_I01856_X003_Y016_Z5337.jpg,1280,720,0.9879,0.55,0.0227,0.0972,0.988672,0.545833,0.0226563,0.0888889,0.850045,0.853206,0.850045,0.00380744,0.00279231,0.000725946
13319679_1851_38_39429b2c-a756-467a-8320-09ac7a94f130_I02128_X003_Y018_Z5347.jpg,1280,720,0.5855,0.3167,0.0305,0.1139,0.585547,0.315972,0.0367187,0.101389,0.722939,0.724591,0.00145861,0.722939,0.00941859,0.00155512
13319679_1851_38_39429b2c-a756-467a-8320-09ac7a94f130_I02128_X003_Y018_Z5347.jpg,1280,720,0.4047,0.9819,0.0563,0.0333,0.406641,0.981944,0.0539063,0.0361111,0.231041,0.23288,0.231041,0.000801348,0.001055,0.00033119
13319679_1851_38_39429b2c-a756-467a-8320-09ac7a94f130_I02128_X003_Y018_Z5347.jpg,1280,720,0.7551,0.5306,0.0664,0.1056,0.754297,0.530556,0.0679687,0.1,0.941608,0.942444,0.941608,0.00122963,0.00413393,0.0011905
13319679_1851_38_39429b2c-a756-467a-8320-09ac7a94f130_I02128_X003_Y018_Z5347.jpg,1280,720,0.1711,0.7785,0.0563,0.0903,0.173438,0.772917,0.053125,0.0847222,0.886321,0.887155,0.886321,0.000527705,0.00347756,0.000986121
13319679_1851_38_39429b2c-a756-467a-8320-09ac7a94f130_I02128_X003_Y018_Z5347.jpg,1280,720,0.1543,0.3403,0.0508,0.0806,0.15625,0.344444,0.0515625,0.0777778,0.833422,0.835968,0.833422,0.00122789,0.00479074,0.00119638
13319679_1851_38_39429b2c-a756-467a-8320-09ac7a94f130_I02128_X003_Y018_Z5347.jpg,1280,720,0.4707,0.1472,0.0555,0.1056,0.471094,0.147222,0.053125,0.102778,0.922273,0.923347,0.922273,0.000570257,0.00477982,0.00137618
13319679_1851_38_39429b2c-a756-467a-8320-09ac7a94f130_I02128_X003_Y018_Z5347.jpg,1280,720,0.5387,0.0694,0.0633,0.1,0.539062,0.0708333,0.0625,0.0972222,0.93204,0.932732,0.93204,0.000390377,0.00308806,0.000866767
13319679_1851_38_39429b2c-a756-467a-8320-09ac7a94f130_I02128_X003_Y018_Z5347.jpg,1280,720,0.882,0.7292,0.0563,0.1056,0.880469,0.730556,0.0578125,0.108333,0.927086,0.927889,0.927086,0.000412479,0.00284044,0.000639199
13319679_1851_38_39429b2c-a756-467a-8320-09ac7a94f130_I02128_X003_Y018_Z5347.jpg,1280,720,0.9313,0.6889,0.0578,0.1056,0.932422,0.694444,0.0570313,0.1,0.937398,0.938361,0.937398,0.000498006,0.00421656,0.0014908
13319753_1851_38_39429b2c-a756-467a-8320-09ac7a94f130_I02168_X003_Y019_Z5347.jpg,1280,720,0.9824,0.7264,0.0336,0.0917,0.984766,0.722917,0.0304688,0.0930556,0.866733,0.870768,0.0025103,0.866733,0.0113651,0.00197398
13319753_1851_38_39429b2c-a756-467a-8320-09ac7a94f130_I02168_X003_Y019_Z5347.jpg,1280,720,0.3246,0.2028,0.0602,0.0917,0.324219,0.203472,0.0609375,0.0847222,0.938179,0.938895,0.938179,0.00115263,0.00282054,0.00104573
13319753_1851_38_39429b2c-a756-467a-8320-09ac7a94f130_I02168_X003_Y019_Z5347.jpg,1280,720,0.9012,0.484,0.0398,0.0819,0.903906,0.485417,0.04375,0.0847222,0.875981,0.875991,9.09429e-06,0.875981,0.0115169,0.00164209
13319753_1851_38_39429b2c-a756-467a-8320-09ac7a94f130_I02168_X003_Y019_Z5347.jpg,1280,720,0.6098,0.4556,0.0586,0.0889,0.610156,0.459722,0.0578125,0.0861111,0.927218,0.928028,0.927218,0.00201641,0.00390544,0.00138209
13319753_1851_38_39429b2c-a756-467a-8320-09ac7a94f130_I02168_X003_Y019_Z5347.jpg,1280,720,0.3355,0.4306,0.0617,0.0917,0.335547,0.43125,0.0585938,0.0930556,0.910002,0.911047,0.910002,0.00112724,0.00348349,0.00127791
13319753_1851_38_39429b2c-a756-467a-8320-09ac7a94f130_I02168_X003_Y019_Z5347.jpg,1280,720,0.5387,0.9382,0.068,0.0986,0.539453,0.9375,0.0617188,0.0944444,0.958482,0.958836,0.958482,0.00111323,0.00228993,0.000918803
13319753_1851_38_39429b2c-a756-467a-8320-09ac7a94f130_I02168_X003_Y019_Z5347.jpg,1280,720,0.693,0.6701,0.0609,0.0986,0.692578,0.665278,0.0601562,0.0972222,0.914959,0.915616,0.914959,0.0014634,0.00318671,0.00109427
13319753_1851_38_39429b2c-a756-467a-8320-09ac7a94f130_I02168_X003_Y019_Z5347.jpg,1280,720,0.5371,0.834,0.0664,0.0875,0.537891,0.832639,0.0664062,0.0847222,0.875238,0.876646,0.875238,0.0014849,0.00386531,0.00139539
13319753_1851_38_39429b2c-a756-467a-8320-09ac7a94f130_I02168_X003_Y019_Z5347.jpg,1280,720,0.7445,0.1722,0.0672,0.1,0.745313,0.174306,0.06875,0.0986111,0.930179,0.930579,0.930179,0.000225082,0.00224949,0.000486037
13319753_1851_38_39429b2c-a756-467a-8320-09ac7a94f130_I02168_X003_Y019_Z5347.jpg,1280,720,0.5816,0.3639,0.0383,0.0889,0.585547,0.365972,0.0367187,0.0902778,0.795017,0.825944,0.0683306,0.795017,0.00631839,0.00139585
13319753_1851_38_39429b2c-a756-467a-8320-09ac7a94f130_I02168_X003_Y019_Z5347.jpg,1280,720,0.6727,0.4917,0.0625,0.0944,0.673828,0.490278,0.0648438,0.0972222,0.951596,0.951955,0.951596,0.000304436,0.00200905,0.000410924
13319753_1851_38_39429b2c-a756-467a-8320-09ac7a94f130_I02168_X003_Y019_Z5347.jpg,1280,720,0.2363,0.1306,0.043,0.0667,0.229297,0.124306,0.0492188,0.0680556,0.551674,0.556968,0.551674,0.00427025,0.00332206,0.000443194
13319753_1851_38_39429b2c-a756-467a-8320-09ac7a94f130_I02168_X003_Y019_Z5347.jpg,1280,720,0.2973,0.2764,0.0398,0.0833,0.298438,0.281944,0.0359375,0.0805556,0.63005,0.630518,0.000467913,0.63005,0.00484567,0.000707328
13319753_1851_38_39429b2c-a756-467a-8320-09ac7a94f130_I02168_X003_Y019_Z5347.jpg,1280,720,0.143,0.8306,0.0625,0.0861,0.145703,0.833333,0.0601562,0.0833333,0.927984,0.929035,0.927984,0.00114105,0.00335526,0.00100136
13319753_1851_38_39429b2c-a756-467a-8320-09ac7a94f130_I02168_X003_Y019_Z5347.jpg,1280,720,0.4699,0.9785,0.043,0.0403,0.469531,0.979167,0.046875,0.0361111,0.804054,0.809213,0.804054,0.00357938,0.002518,0.000741659
13319753_1851_38_39429b2c-a756-467a-8320-09ac7a94f130_I02168_X003_Y019_Z5347.jpg,1280,720,0.241,0.4062,0.0633,0.0875,0.241016,0.407639,0.0601562,0.0902778,0.907263,0.908362,0.907263,0.00124747,0.00293592,0.00133839
13319911_1851_38_39429b2c-a756-467a-8320-09ac7a94f130_I02400_X003_Y020_Z5307.jpg,1280,720,0.9238,0.6729,0.0602,0.1097,0.923437,0.675694,0.059375,0.109722,0.859611,0.860305,0.859611,0.000640845,0.00229656,0.000589842
13319911_1851_38_39429b2c-a756-467a-8320-09ac7a94f130_I02400_X003_Y020_Z5307.jpg,1280,720,0.0418,0.441,0.0492,0.0903,0.04375,0.450694,0.0359375,0.0791667,0.808192,0.808529,0.000401163,0.808192,0.00861118,0.00151961
13319911_1851_38_39429b2c-a756-467a-8320-09ac7a94f130_I02400_X003_Y020_Z5307.jpg,1280,720,0.0285,0.5229,0.0539,0.0903,0.0285156,0.522917,0.0554687,0.0847222,0.919998,0.920795,0.919998,0.000392862,0.00521016,0.00129593
13319911_1851_38_39429b2c-a756-467a-8320-09ac7a94f130_I02400_X003_Y020_Z5307.jpg,1280,720,0.7168,0.6917,0.0586,0.1111,0.716406,0.690972,0.0625,0.115278,0.922884,0.923705,0.922884,0.000377668,0.00287545,0.000577537
13319911_1851_38_39429b2c-a756-467a-8320-09ac7a94f130_I02400_X003_Y020_Z5307.jpg,1280,720,0.2984,0.2264,0.0578,0.1111,0.298828,0.225694,0.0554687,0.106944,0.921084,0.922157,0.921084,0.00050747,0.00445643,0.00126032
13319911_1851_38_39429b2c-a756-467a-8320-09ac7a94f130_I02400_X003_Y020_Z5307.jpg,1280,720,0.9723,0.3354,0.0539,0.1069,0.973828,0.332639,0.0523437,0.106944,0.953594,0.954056,0.953594,0.000348309,0.00257639,0.000794115
13319984_1851_38_39429b2c-a756-467a-8320-09ac7a94f130_I02440_X003_Y021_Z5415.jpg,1280,720,0.316,0.8146,0.0617,0.1069,0.316406,0.817361,0.0609375,0.0930556,0.896909,0.89761,0.896909,0.000415706,0.00221358,0.000546213
13319984_1851_38_39429b2c-a756-467a-8320-09ac7a94f130_I02440_X003_Y021_Z5415.jpg,1280,720,0.7664,0.3375,0.0578,0.0944,0.766016,0.334028,0.0585938,0.0902778,0.900583,0.901265,0.900583,0.000931156,0.00213091,0.000830299
13319984_1851_38_39429b2c-a756-467a-8320-09ac7a94f130_I02440_X003_Y021_Z5415.jpg,1280,720,0.8781,0.4132,0.0766,0.0847,0.878516,0.407639,0.0695312,0.0763889,0.807581,0.810256,0.00793362,0.807581,0.00744822,0.000963059
13319984_1851_38_39429b2c-a756-467a-8320-09ac7a94f130_I02440_X003_Y021_Z5415.jpg,1280,720,0.2812,0.3486,0.0625,0.0972,0.280469,0.354861,0.0609375,0.0958333,0.913986,0.914817,0.913986,0.00103677,0.00264187,0.000826106
13319984_1851_38_39429b2c-a756-467a-8320-09ac7a94f130_I02440_X003_Y021_Z5415.jpg,1280,720,0.909,0.5632,0.068,0.0958,0.911328,0.5625,0.0710938,0.1,0.908682,0.90914,0.908682,0.000320487,0.00284149,0.00058901
13319984_1851_38_39429b2c-a756-467a-8320-09ac7a94f130_I02440_X003_Y021_Z5415.jpg,1280,720,0.4355,0.0972,0.0664,0.075,0.429688,0.0916667,0.0625,0.0916667,0.832283,0.834173,0.832283,0.00143874,0.00403651,0.00135966
13319984_1851_38_39429b2c-a756-467a-8320-09ac7a94f130_I02440_X003_Y021_Z5415.jpg,1280,720,0.8457,0.1875,0.0586,0.0972,0.846094,0.188889,0.059375,0.0972222,0.928012,0.928819,0.928012,0.000505098,0.00433866,0.00111155
13319984_1851_38_39429b2c-a756-467a-8320-09ac7a94f130_I02440_X003_Y021_Z5415.jpg,1280,720,0.6086,0.1722,0.0609,0.0944,0.608984,0.173611,0.0601562,0.0972222,0.935639,0.93637,0.935639,0.000409538,0.00461762,0.00128399
13319984_1851_38_39429b2c-a756-467a-8320-09ac7a94f130_I02440_X003_Y021_Z5415.jpg,1280,720,0.6648,0.7521,0.0578,0.1181,0.666016,0.754861,0.0585938,0.115278,0.92296,0.924122,0.92296,0.000617691,0.00304317,0.000636686
13319984_1851_38_39429b2c-a756-467a-8320-09ac7a94f130_I02440_X003_Y021_Z5415.jpg,1280,720,0.0531,0.0889,0.0641,0.1,0.0535156,0.0854167,0.0632813,0.104167,0.909912,0.910677,0.909912,0.000334219,0.00224333,0.000515497
13319984_1851_38_39429b2c-a756-467a-8320-09ac7a94f130_I02440_X003_Y021_Z5415.jpg,1280,720,0.1699,0.2417,0.0664,0.1028,0.16875,0.242361,0.0625,0.0986111,0.924633,0.925275,0.924633,0.000334281,0.00237325,0.000560194
13320213_1851_38_39429b2c-a756-467a-8320-09ac7a94f130_I02896_X003_Y025_Z5395.jpg,1280,720,0.4262,0.9576,0.0633,0.0819,0.425781,0.959722,0.059375,0.0777778,0.921735,0.922885,0.921735,0.000630863,0.00480377,0.000926688
13320213_1851_38_39429b2c-a756-467a-8320-09ac7a94f130_I02896_X003_Y025_Z5395.jpg,1280,720,0.984,0.4368,0.0305,0.1097,0.982422,0.434722,0.0351562,0.1,0.890824,0.893714,0.890824,0.0013987,0.00557045,0.00241596
13320213_1851_38_39429b2c-a756-467a-8320-09ac7a94f130_I02896_X003_Y025_Z5395.jpg,1280,720,0.7812,0.8944,0.0547,0.0639,0.785547,0.8875,0.0554687,0.0722222,0.722935,0.726406,0.722935,0.00194324,0.00331639,0.00105969
13320213_1851_38_39429b2c-a756-467a-8320-09ac7a94f130_I02896_X003_Y025_Z5395.jpg,1280,720,0.9523,0.9569,0.0688,0.0833,0.954687,0.95625,0.0703125,0.0819444,0.873962,0.876331,0.873962,0.00166011,0.00467896,0.00168116
13320213_1851_38_39429b2c-a756-467a-8320-09ac7a94f130_I02896_X003_Y025_Z5395.jpg,1280,720,0.7781,0.9847,0.0422,0.0278,0.780469,0.986806,0.0515625,0.0263889,0.333747,0.336904,0.333747,0.00085791,0.00225829,0.00082063
13320213_1851_38_39429b2c-a756-467a-8320-09ac7a94f130_I02896_X003_Y025_Z5395.jpg,1280,720,0.6777,0.2188,0.0648,0.0819,0.681641,0.216667,0.0601562,0.0833333,0.917388,0.918163,0.917388,0.0012484,0.00221205,0.000703179
13320213_1851_38_39429b2c-a756-467a-8320-09ac7a94f130_I02896_X003_Y025_Z5395.jpg,1280,720,0.4039,0.4778,0.0547,0.0944,0.404687,0.473611,0.046875,0.0888889,0.847739,0.847869,0.000187797,0.847739,0.0074916,0.00113778
13320213_1851_38_39429b2c-a756-467a-8320-09ac7a94f130_I02896_X003_Y025_Z5395.jpg,1280,720,0.4562,0.7257,0.0656,0.1097,0.454688,0.725,0.0671875,0.105556,0.904463,0.90506,0.904463,0.000301585,0.00201854,0.000427184
13320213_1851_38_39429b2c-a756-467a-8320-09ac7a94f130_I02896_X003_Y025_Z5395.jpg,1280,720,0.1008,0.4569,0.0609,0.1056,0.102344,0.457639,0.0578125,0.106944,0.896267,0.897433,0.896267,0.00045937,0.00613641,0.00197817
13320213_1851_38_39429b2c-a756-467a-8320-09ac7a94f130_I02896_X003_Y025_Z5395.jpg,1280,720,0.9004,0.4569,0.0445,0.1139,0.903906,0.448611,0.0484375,0.108333,0.868173,0.869932,0.868173,0.0012745,0.00514794,0.00149767
13320213_1851_38_39429b2c-a756-467a-8320-09ac7a94f130_I02896_X003_Y025_Z5395.jpg,1280,720,0.5305,0.5458,0.0547,0.1083,0.532422,0.547222,0.0523437,0.105556,0.909464,0.910596,0.909464,0.00213683,0.00477723,0.00175249
13320213_1851_38_39429b2c-a756-467a-8320-09ac7a94f130_I02896_X003_Y025_Z5395.jpg,1280,720,0.9414,0.4236,0.0469,0.1056,0.945312,0.424306,0.0515625,0.101389,0.89495,0.896847,0.89495,0.000738377,0.00552263,0.00227878
13320213_1851_38_39429b2c-a756-467a-8320-09ac7a94f130_I02896_X003_Y025_Z5395.jpg,1280,720,0.5086,0.2361,0.0609,0.1056,0.511328,0.236111,0.0617188,0.105556,0.949928,0.950502,0.949928,0.00144698,0.00331062,0.0013172
13320446_1851_38_39429b2c-a756-467a-8320-09ac7a94f130_I01032_X004_Y010_Z5239.jpg,1280,720,0.7918,0.95,0.043,0.0917,0.793359,0.945833,0.0492188,0.0972222,0.410261,0.413808,0.410261,0.00120602,0.00374913,0.00191453
13320446_1851_38_39429b2c-a756-467a-8320-09ac7a94f130_I01032_X004_Y010_Z5239.jpg,1280,720,0.9473,0.4472,0.0508,0.1028,0.948047,0.445139,0.0476562,0.0930556,0.948662,0.949468,0.948662,0.000561701,0.00417602,0.000984641
13320446_1851_38_39429b2c-a756-467a-8320-09ac7a94f130_I01032_X004_Y010_Z5239.jpg,1280,720,0.7559,0.5569,0.0414,0.1111,0.757422,0.545139,0.0367187,0.0930556,0.842045,0.842107,9.35963e-05,0.842045,0.00959389,0.00134353
13320446_1851_38_39429b2c-a756-467a-8320-09ac7a94f130_I01032_X004_Y010_Z5239.jpg,1280,720,0.9703,0.6215,0.0328,0.0958,0.974219,0.622222,0.0390625,0.0916667,0.875671,0.877066,0.00506401,0.875671,0.00913194,0.00126408
13320446_1851_38_39429b2c-a756-467a-8320-09ac7a94f130_I01032_X004_Y010_Z5239.jpg,1280,720,0.509,0.2625,0.0664,0.0917,0.513672,0.259028,0.0601562,0.0847222,0.862786,0.864507,0.862786,0.00160384,0.00381435,0.00154876
13320446_1851_38_39429b2c-a756-467a-8320-09ac7a94f130_I01032_X004_Y010_Z5239.jpg,1280,720,0.6605,0.3229,0.0586,0.0958,0.657422,0.325694,0.0554687,0.0819444,0.908877,0.909868,0.908877,0.000594276,0.00324613,0.000840766
13320446_1851_38_39429b2c-a756-467a-8320-09ac7a94f130_I01032_X004_Y010_Z5239.jpg,1280,720,0.6922,0.3847,0.0563,0.1028,0.694141,0.388889,0.0507812,0.1,0.934526,0.935411,0.934526,0.00054719,0.00382062,0.000915949
13320612_1851_38_39429b2c-a756-467a-8320-09ac7a94f130_I01360_X004_Y013_Z5337.jpg,1280,720,0.8875,0.1951,0.0422,0.0792,0.8875,0.181944,0.05,0.1,0.542591,0.543363,0.542591,0.001635,0.00276606,0.00115233
13320612_1851_38_39429b2c-a756-467a-8320-09ac7a94f130_I01360_X004_Y013_Z5337.jpg,1280,720,0.548,0.4194,0.0508,0.0972,0.548828,0.422222,0.0492188,0.0944444,0.943776,0.944674,0.943776,0.000585841,0.00402808,0.00108975
13320612_1851_38_39429b2c-a756-467a-8320-09ac7a94f130_I01360_X004_Y013_Z5337.jpg,1280,720,0.9793,0.0882,0.0398,0.0931,0.976562,0.0798611,0.046875,0.0902778,0.923518,0.924457,0.923518,0.00148624,0.0038631,0.00132212
13320612_1851_38_39429b2c-a756-467a-8320-09ac7a94f130_I01360_X004_Y013_Z5337.jpg,1280,720,0.7715,0.1785,0.0367,0.0903,0.773438,0.171528,0.0515625,0.0986111,0.889803,0.890427,0.889803,0.00157449,0.00308033,0.00105928
13320612_1851_38_39429b2c-a756-467a-8320-09ac7a94f130_I01360_X004_Y013_Z5337.jpg,1280,720,0.1102,0.4215,0.0484,0.1014,0.108984,0.41875,0.0539063,0.0930556,0.765,0.766146,0.765,0.00060684,0.00409434,0.0010849
13320612_1851_38_39429b2c-a756-467a-8320-09ac7a94f130_I01360_X004_Y013_Z5337.jpg,1280,720,0.818,0.6451,0.0531,0.1097,0.819922,0.645833,0.0523437,0.111111,0.935126,0.936191,0.935126,0.000682971,0.00295887,0.00078574
13320612_1851_38_39429b2c-a756-467a-8320-09ac7a94f130_I01360_X004_Y013_Z5337.jpg,1280,720,0.5609,0.9056,0.0625,0.0861,0.562109,0.903472,0.0585938,0.0791667,0.919294,0.92068,0.919294,0.00237932,0.0049785,0.00173324
13320612_1851_38_39429b2c-a756-467a-8320-09ac7a94f130_I01360_X004_Y013_Z5337.jpg,1280,720,0.2738,0.1451,0.0617,0.0847,0.269531,0.140972,0.053125,0.0847222,0.497032,0.501479,0.497032,0.00215399,0.0046226,0.00108014
13320612_1851_38_39429b2c-a756-467a-8320-09ac7a94f130_I01360_X004_Y013_Z5337.jpg,1280,720,0.3684,0.6104,0.0664,0.0931,0.374609,0.611806,0.0601562,0.0875,0.867611,0.868577,0.867611,0.00142179,0.00327216,0.00125141
13320612_1851_38_39429b2c-a756-467a-8320-09ac7a94f130_I01360_X004_Y013_Z5337.jpg,1280,720,0.9676,0.3167,0.0555,0.0833,0.966797,0.318056,0.0585938,0.0972222,0.937762,0.938135,0.937762,0.00132672,0.00268664,0.000924912
13320612_1851_38_39429b2c-a756-467a-8320-09ac7a94f130_I01360_X004_Y013_Z5337.jpg,1280,720,0.9512,0.2264,0.0586,0.0861,0.953125,0.228472,0.0609375,0.0847222,0.889939,0.890637,0.889939,0.00100406,0.00265822,0.00083437
13320612_1851_38_39429b2c-a756-467a-8320-09ac7a94f130_I01360_X004_Y013_Z5337.jpg,1280,720,0.6625,0.1181,0.0391,0.0972,0.663281,0.117361,0.0359375,0.0875,0.540544,0.545881,0.00309862,0.540544,0.00623654,0.00157512
13320612_1851_38_39429b2c-a756-467a-8320-09ac7a94f130_I01360_X004_Y013_Z5337.jpg,1280,720,0.1461,0.8292,0.0563,0.1028,0.147266,0.831944,0.0507812,0.0972222,0.904176,0.905123,0.904176,0.00106523,0.00340016,0.000988178
13320672_1851_38_39429b2c-a756-467a-8320-09ac7a94f130_I01576_X004_Y014_Z5268.jpg,1280,720,0.0102,0.7083,0.0187,0.0944,0.009375,0.702083,0.01875,0.0847222,0.804406,0.813079,0.804406,0.00671172,0.00270563,0.00111543
13320672_1851_38_39429b2c-a756-467a-8320-09ac7a94f130_I01576_X004_Y014_Z5268.jpg,1280,720,0.348,0.4778,0.057,0.0889,0.350391,0.484722,0.0554687,0.075,0.933506,0.934454,0.933506,0.00175319,0.0039899,0.00118975
13320672_1851_38_39429b2c-a756-467a-8320-09ac7a94f130_I01576_X004_Y014_Z5268.jpg,1280,720,0.9781,0.9569,0.0422,0.0833,0.977734,0.953472,0.0445312,0.0847222,0.922493,0.923649,0.922493,0.00154546,0.00333579,0.00101209
13320672_1851_38_39429b2c-a756-467a-8320-09ac7a94f130_I01576_X004_Y014_Z5268.jpg,1280,720,0.1301,0.1979,0.0477,0.0597,0.129688,0.2,0.046875,0.0555556,0.623898,0.625618,0.00146281,0.623898,0.00621152,0.00123026
13320672_1851_38_39429b2c-a756-467a-8320-09ac7a94f130_I01576_X004_Y014_Z5268.jpg,1280,720,0.9113,0.3181,0.057,0.1,0.912891,0.319444,0.0570313,0.1,0.946812,0.947331,0.946812,0.00145363,0.003074,0.00117987
13320672_1851_38_39429b2c-a756-467a-8320-09ac7a94f130_I01576_X004_Y014_Z5268.jpg,1280,720,0.9254,0.4826,0.0648,0.0986,0.925781,0.480556,0.0625,0.1,0.950051,0.950419,0.950051,0.000976571,0.00227134,0.000799343
13320672_1851_38_39429b2c-a756-467a-8320-09ac7a94f130_I01576_X004_Y014_Z5268.jpg,1280,720,0.0602,0.3479,0.0656,0.0875,0.0664062,0.35,0.0546875,0.075,0.853087,0.854642,0.853087,0.000750506,0.00503327,0.00155656
13320672_1851_38_39429b2c-a756-467a-8320-09ac7a94f130_I01576_X004_Y014_Z5268.jpg,1280,720,0.9465,0.7653,0.057,0.0806,0.941016,0.765972,0.0492188,0.0847222,0.649963,0.652749,0.649963,0.00289895,0.00363432,0.0013154
13320672_1851_38_39429b2c-a756-467a-8320-09ac7a94f130_I01576_X004_Y014_Z5268.jpg,1280,720,0.0641,0.4306,0.0578,0.1056,0.0667969,0.431944,0.0523437,0.1,0.9108,0.911977,0.9108,0.000835648,0.00393437,0.001031
13320672_1851_38_39429b2c-a756-467a-8320-09ac7a94f130_I01576_X004_Y014_Z5268.jpg,1280,720,0.1629,0.4521,0.0633,0.0903,0.155859,0.447917,0.0570313,0.0875,0.807303,0.808159,0.807303,0.00113268,0.00235254,0.000782681
13320739_1851_38_39429b2c-a756-467a-8320-09ac7a94f130_I01632_X004_Y015_Z5239.jpg,1280,720,0.7902,0.4549,0.0648,0.1097,0.789062,0.459028,0.0578125,0.0986111,0.267047,0.267775,0.267047,0.00106795,0.00187638,0.000877539
13320739_1851_38_39429b2c-a756-467a-8320-09ac7a94f130_I01632_X004_Y015_Z5239.jpg,1280,720,0.1254,0.2556,0.0508,0.1111,0.123047,0.253472,0.0554687,0.101389,0.909243,0.909976,0.909243,0.0008823,0.00269643,0.00101009
13320739_1851_38_39429b2c-a756-467a-8320-09ac7a94f130_I01632_X004_Y015_Z5239.jpg,1280,720,0.7719,0.0333,0.0359,0.0667,0.771875,0.0340278,0.0390625,0.0680556,0.831019,0.831616,0.00159107,0.831019,0.0113924,0.00149668
13320739_1851_38_39429b2c-a756-467a-8320-09ac7a94f130_I01632_X004_Y015_Z5239.jpg,1280,720,0.1602,0.675,0.0359,0.0972,0.161328,0.672917,0.0382813,0.0763889,0.691465,0.706313,0.0359867,0.691465,0.00541839,0.00114539
13320739_1851_38_39429b2c-a756-467a-8320-09ac7a94f130_I01632_X004_Y015_Z5239.jpg,1280,720,0.6324,0.6014,0.0539,0.1028,0.634375,0.600694,0.05625,0.0986111,0.940326,0.94078,0.940326,0.000433779,0.0021,0.000543076
13320739_1851_38_39429b2c-a756-467a-8320-09ac7a94f130_I01632_X004_Y015_Z5239.jpg,1280,720,0.8895,0.7993,0.0555,0.0958,0.890625,0.797222,0.0546875,0.0888889,0.908954,0.90994,0.908954,0.000568826,0.00489898,0.00131472
13320739_1851_38_39429b2c-a756-467a-8320-09ac7a94f130_I01632_X004_Y015_Z5239.jpg,1280,720,0.234,0.8292,0.057,0.0833,0.234375,0.829167,0.05625,0.0861111,0.903228,0.904015,0.903228,0.000509189,0.00332041,0.000974684
13320739_1851_38_39429b2c-a756-467a-8320-09ac7a94f130_I01632_X004_Y015_Z5239.jpg,1280,720,0.3723,0.5069,0.0508,0.0944,0.371094,0.509028,0.05,0.0958333,0.927689,0.92891,0.927689,0.000768649,0.00333753,0.000819901
13320739_1851_38_39429b2c-a756-467a-8320-09ac7a94f130_I01632_X004_Y015_Z5239.jpg,1280,720,0.1852,0.7368,0.0625,0.0875,0.188281,0.7375,0.0578125,0.0861111,0.892373,0.893224,0.892373,0.000433783,0.00485381,0.00145492
13320739_1851_38_39429b2c-a756-467a-8320-09ac7a94f130_I01632_X004_Y015_Z5239.jpg,1280,720,0.3059,0.5285,0.0539,0.1014,0.304297,0.531944,0.0507812,0.1,0.912591,0.91349,0.912591,0.00129434,0.0046357,0.001471
13320790_1851_38_39429b2c-a756-467a-8320-09ac7a94f130_I01848_X004_Y016_Z5278.jpg,1280,720,0.2086,0.5431,0.0609,0.0889,0.210547,0.54375,0.0585938,0.0902778,0.951086,0.951773,0.951086,0.00160371,0.00385178,0.00130922
13320790_1851_38_39429b2c-a756-467a-8320-09ac7a94f130_I01848_X004_Y016_Z5278.jpg,1280,720,0.2457,0.1257,0.0617,0.0958,0.244922,0.129167,0.0632813,0.0972222,0.932707,0.933296,0.932707,0.00121826,0.00294545,0.00102031
13320790_1851_38_39429b2c-a756-467a-8320-09ac7a94f130_I01848_X004_Y016_Z5278.jpg,1280,720,0.4266,0.175,0.0563,0.1056,0.425391,0.177778,0.0570313,0.105556,0.937028,0.937579,0.937028,0.000371267,0.00336292,0.000821212
13320790_1851_38_39429b2c-a756-467a-8320-09ac7a94f130_I01848_X004_Y016_Z5278.jpg,1280,720,0.066,0.6771,0.0414,0.0931,0.0625,0.670139,0.05,0.0902778,0.867175,0.867726,0.867175,0.00175418,0.00279738,0.00112847
13320790_1851_38_39429b2c-a756-467a-8320-09ac7a94f130_I01848_X004_Y016_Z5278.jpg,1280,720,0.0875,0.6097,0.0656,0.0833,0.0882813,0.606944,0.0640625,0.0861111,0.881874,0.883267,0.881874,0.00141584,0.00372258,0.00136716
13320790_1851_38_39429b2c-a756-467a-8320-09ac7a94f130_I01848_X004_Y016_Z5278.jpg,1280,720,0.7723,0.9007,0.0367,0.0958,0.774219,0.900694,0.0359375,0.0875,0.699522,0.700772,0.0013936,0.699522,0.00406775,0.000563031
13320790_1851_38_39429b2c-a756-467a-8320-09ac7a94f130_I01848_X004_Y016_Z5278.jpg,1280,720,0.4371,0.4104,0.0664,0.1236,0.435937,0.404861,0.0578125,0.118056,0.902379,0.904777,0.902379,0.00163638,0.00456358,0.00219999
13320790_1851_38_39429b2c-a756-467a-8320-09ac7a94f130_I01848_X004_Y016_Z5278.jpg,1280,720,0.8055,0.7382,0.0641,0.0875,0.80625,0.740972,0.065625,0.0902778,0.911773,0.912496,0.911773,0.00115252,0.00209647,0.000824497
13320790_1851_38_39429b2c-a756-467a-8320-09ac7a94f130_I01848_X004_Y016_Z5278.jpg,1280,720,0.057,0.3104,0.05,0.0986,0.0585938,0.306944,0.0546875,0.1,0.931047,0.931857,0.931047,0.00044911,0.00406673,0.00123557
13320790_1851_38_39429b2c-a756-467a-8320-09ac7a94f130_I01848_X004_Y016_Z5278.jpg,1280,720,0.775,0.3424,0.0484,0.0764,0.771875,0.343056,0.05625,0.0805556,0.869578,0.870534,0.869578,0.000696464,0.00283344,0.000700991
13320935_1851_38_39429b2c-a756-467a-8320-09ac7a94f130_I02176_X004_Y019_Z5278.jpg,1280,720,0.2598,0.125,0.0586,0.1056,0.260938,0.123611,0.0546875,0.0972222,0.876193,0.877234,0.876193,0.000539909,0.00458541,0.00121263
13320935_1851_38_39429b2c-a756-467a-8320-09ac7a94f130_I02176_X004_Y019_Z5278.jpg,1280,720,0.6586,0.3153,0.0625,0.1111,0.658594,0.313889,0.0625,0.0944444,0.89084,0.892129,0.89084,0.00152313,0.0030273,0.00138982
13320935_1851_38_39429b2c-a756-467a-8320-09ac7a94f130_I02176_X004_Y019_Z5278.jpg,1280,720,0.1973,0.7208,0.043,0.0917,0.194531,0.726389,0.0359375,0.0888889,0.867982,0.87236,0.00369755,0.867982,0.00587473,0.00113804
13320935_1851_38_39429b2c-a756-467a-8320-09ac7a94f130_I02176_X004_Y019_Z5278.jpg,1280,720,0.4332,0.8431,0.0617,0.1028,0.433984,0.844444,0.0632813,0.0944444,0.93304,0.933622,0.93304,0.000304774,0.00281246,0.000594861
13320935_1851_38_39429b2c-a756-467a-8320-09ac7a94f130_I02176_X004_Y019_Z5278.jpg,1280,720,0.1121,0.4819,0.0523,0.0889,0.110156,0.486806,0.04375,0.0819444,0.826836,0.826951,9.61073e-05,0.826836,0.00798141,0.00181123
13320935_1851_38_39429b2c-a756-467a-8320-09ac7a94f130_I02176_X004_Y019_Z5278.jpg,1280,720,0.382,0.1458,0.0625,0.0972,0.382812,0.144444,0.0625,0.0944444,0.913585,0.91457,0.913585,0.00176725,0.00415492,0.00167845
13320935_1851_38_39429b2c-a756-467a-8320-09ac7a94f130_I02176_X004_Y019_Z5278.jpg,1280,720,0.4859,0.5368,0.0578,0.1042,0.486719,0.535417,0.0546875,0.104167,0.93206,0.932761,0.93206,0.000437803,0.00327018,0.000886342
13320935_1851_38_39429b2c-a756-467a-8320-09ac7a94f130_I02176_X004_Y019_Z5278.jpg,1280,720,0.6117,0.5208,0.0625,0.0944,0.614062,0.520833,0.0609375,0.0972222,0.893906,0.894888,0.893906,0.00133618,0.00333811,0.00112621
13321143_1851_38_39429b2c-a756-467a-8320-09ac7a94f130_I02448_X004_Y021_Z5298.jpg,1280,720,0.2141,0.9569,0.0453,0.0833,0.211328,0.964583,0.0382813,0.0708333,0.735531,0.740852,0.0117798,0.735531,0.00759008,0.00136555
13321143_1851_38_39429b2c-a756-467a-8320-09ac7a94f130_I02448_X004_Y021_Z5298.jpg,1280,720,0.048,0.1861,0.0617,0.1028,0.0492188,0.190972,0.0546875,0.0930556,0.869013,0.869831,0.869013,0.000623855,0.00338462,0.000905299
13321143_1851_38_39429b2c-a756-467a-8320-09ac7a94f130_I02448_X004_Y021_Z5298.jpg,1280,720,0.7805,0.9278,0.0453,0.0944,0.776563,0.925694,0.059375,0.106944,0.876403,0.877572,0.876403,0.000772992,0.00348351,0.000973221
13321143_1851_38_39429b2c-a756-467a-8320-09ac7a94f130_I02448_X004_Y021_Z5298.jpg,1280,720,0.0844,0.409,0.0781,0.0764,0.0820312,0.407639,0.0703125,0.0736111,0.851613,0.869132,0.0183353,0.851613,0.0163522,0.00152691
13321143_1851_38_39429b2c-a756-467a-8320-09ac7a94f130_I02448_X004_Y021_Z5298.jpg,1280,720,0.3508,0.9042,0.0625,0.1167,0.352734,0.904167,0.0601562,0.108333,0.921265,0.921892,0.921265,0.000348007,0.00234021,0.00059625
13321143_1851_38_39429b2c-a756-467a-8320-09ac7a94f130_I02448_X004_Y021_Z5298.jpg,1280,720,0.5891,0.3375,0.0547,0.1028,0.591016,0.3375,0.0554687,0.1,0.91874,0.919523,0.91874,0.00052216,0.00310859,0.000738795
13321143_1851_38_39429b2c-a756-467a-8320-09ac7a94f130_I02448_X004_Y021_Z5298.jpg,1280,720,0.7473,0.8847,0.0477,0.1056,0.75,0.883333,0.0546875,0.105556,0.892389,0.893167,0.892389,0.00102665,0.00310443,0.00108325
13321143_1851_38_39429b2c-a756-467a-8320-09ac7a94f130_I02448_X004_Y021_Z5298.jpg,1280,720,0.509,0.8333,0.0586,0.1083,0.510547,0.836806,0.0554687,0.106944,0.902141,0.902996,0.902141,0.000499312,0.00384285,0.00104896
13321143_1851_38_39429b2c-a756-467a-8320-09ac7a94f130_I02448_X004_Y021_Z5298.jpg,1280,720,0.9707,0.1049,0.0523,0.1097,0.972266,0.101389,0.0554687,0.105556,0.886941,0.888085,0.886941,0.000570248,0.00420833,0.00143491
13321143_1851_38_39429b2c-a756-467a-8320-09ac7a94f130_I02448_X004_Y021_Z5298.jpg,1280,720,0.1145,0.5618,0.068,0.0958,0.115625,0.563889,0.0703125,0.0972222,0.900403,0.900981,0.900403,0.000419394,0.00249629,0.000573998
13776168_1955_38_c4ca0759-ab58-4b7b-b18e-7a6979c7bf4d_I01352_X011_Y011_Z5190.jpg,1280,720,0.352,0.4125,0.068,0.0917,0.353125,0.410417,0.0625,0.0791667,0.843227,0.855572,0.00183203,0.843227,0.101091,0.00220113
13776670_1955_38_c4ca0759-ab58-4b7b-b18e-7a6979c7bf4d_I01504_X014_Y012_Z5190.jpg,1280,720,0.6863,0.2215,0.0523,0.0986,0.687109,0.217361,0.0414063,0.0958333,0.866331,0.866397,2.57613e-05,0.866331,0.0219065,0.00289059
13779120_1955_38_c4ca0759-ab58-4b7b-b18e-7a6979c7bf4d_I02176_X018_Y016_Z5190.jpg,1280,720,0.093,0.6326,0.0516,0.0569,0.0902344,0.630556,0.0492188,0.0694444,0.682767,0.683609,0.000119418,0.682767,0.0236656,0.0169943
13781540_1955_38_c4ca0759-ab58-4b7b-b18e-7a6979c7bf4d_I02816_X019_Y019_Z5161.jpg,1280,720,0.8285,0.3764,0.0586,0.0556,0.828125,0.375694,0.05,0.0569444,0.700708,0.709995,0.000752407,0.700708,0.0241072,0.0114154
13783536_1955_38_c4ca0759-ab58-4b7b-b18e-7a6979c7bf4d_I03312_X008_Y022_Z5366.jpg,1280,720,0.875,0.616,0.0625,0.0875,0.878125,0.619444,0.0609375,0.0944444,0.899557,0.899679,6.72154e-05,0.899557,0.00901777,0.00134753
13784234_1955_38_c4ca0759-ab58-4b7b-b18e-7a6979c7bf4d_I03480_X014_Y023_Z5395.jpg,1280,720,0.5156,0.55,0.0359,0.0972,0.513672,0.551389,0.0351562,0.0916667,0.866398,0.866914,0.000417404,0.866398,0.0128057,0.00203772
13786249_1955_38_c4ca0759-ab58-4b7b-b18e-7a6979c7bf4d_I03944_X016_Y026_Z5337.jpg,1280,720,0.1477,0.184,0.0422,0.0931,0.148047,0.184722,0.0382813,0.0888889,0.776296,0.788691,0.00090478,0.776296,0.220016,0.00412487
13806066_1961_38_78138e05-94af-4a66-ab56-f86a104b2be2_I00312_X015_Y004_Z5004.jpg,1280,720,0.5082,0.984,0.0602,0.0292,0.507031,0.973611,0.053125,0.0444444,0.720113,0.723423,0.720113,0.00091303,0.00332164,0.00127614
13806066_1961_38_78138e05-94af-4a66-ab56-f86a104b2be2_I00312_X015_Y004_Z5004.jpg,1280,720,0.7188,0.3819,0.0609,0.1028,0.720703,0.38125,0.0601562,0.0958333,0.909588,0.910298,0.909588,0.000431166,0.00276756,0.000686424
13806066_1961_38_78138e05-94af-4a66-ab56-f86a104b2be2_I00312_X015_Y004_Z5004.jpg,1280,720,0.5496,0.7382,0.0602,0.0958,0.551172,0.7375,0.0570313,0.0972222,0.919649,0.921043,0.919649,0.000490851,0.00687533,0.0022137
13806066_1961_38_78138e05-94af-4a66-ab56-f86a104b2be2_I00312_X015_Y004_Z5004.jpg,1280,720,0.1738,0.084,0.0586,0.1125,0.172266,0.0923611,0.0632813,0.104167,0.838776,0.844978,0.838776,0.000743808,0.00927084,0.00269046
13806066_1961_38_78138e05-94af-4a66-ab56-f86a104b2be2_I00312_X015_Y004_Z5004.jpg,1280,720,0.9883,0.8576,0.0219,0.1125,0.985937,0.858333,0.028125,0.0888889,0.724614,0.734577,0.724614,0.00336766,0.00924838,0.00386974
13806066_1961_38_78138e05-94af-4a66-ab56-f86a104b2be2_I00312_X015_Y004_Z5004.jpg,1280,720,0.3996,0.4062,0.057,0.0708,0.4,0.408333,0.0515625,0.0805556,0.72324,0.770333,0.0601853,0.72324,0.00837256,0.00123182
13806639_1961_38_78138e05-94af-4a66-ab56-f86a104b2be2_I00472_X011_Y005_Z4975.jpg,1280,720,0.443,0.2403,0.0437,0.075,0.441797,0.238889,0.0398437,0.0805556,0.88568,0.88569,7.18622e-06,0.88568,0.0146099,0.00206384
13806639_1961_38_78138e05-94af-4a66-ab56-f86a104b2be2_I00472_X011_Y005_Z4975.jpg,1280,720,0.0555,0.7569,0.0641,0.1,0.0570313,0.758333,0.05625,0.0916667,0.903247,0.905645,0.903247,0.00208891,0.00787754,0.00235616
13806639_1961_38_78138e05-94af-4a66-ab56-f86a104b2be2_I00472_X011_Y005_Z4975.jpg,1280,720,0.4977,0.716,0.0672,0.1097,0.496875,0.713889,0.059375,0.0972222,0.874127,0.87724,0.874127,0.00111552,0.00826189,0.00188682
13806639_1961_38_78138e05-94af-4a66-ab56-f86a104b2be2_I00472_X011_Y005_Z4975.jpg,1280,720,0.691,0.2875,0.0695,0.1028,0.691016,0.285417,0.0648438,0.101389,0.825363,0.827705,0.825363,0.000531123,0.00475261,0.00135175
13806639_1961_38_78138e05-94af-4a66-ab56-f86a104b2be2_I00472_X011_Y005_Z4975.jpg,1280,720,0.618,0.9688,0.0469,0.0597,0.614453,0.970139,0.0398437,0.0569444,0.676415,0.68072,0.0125481,0.676415,0.00948773,0.00106027
13806639_1961_38_78138e05-94af-4a66-ab56-f86a104b2be2_I00472_X011_Y005_Z4975.jpg,1280,720,0.5676,0.075,0.0664,0.0944,0.566406,0.0756944,0.0640625,0.0986111,0.920642,0.921485,0.920642,0.000449695,0.00365919,0.000766138
13807000_1961_38_78138e05-94af-4a66-ab56-f86a104b2be2_I00552_X016_Y006_Z4916.jpg,1280,720,0.2812,0.6083,0.0625,0.0917,0.285547,0.609722,0.0554687,0.0888889,0.911262,0.912914,0.911262,0.00140388,0.00488764,0.00156133
13807000_1961_38_78138e05-94af-4a66-ab56-f86a104b2be2_I00552_X016_Y006_Z4916.jpg,1280,720,0.9285,0.3264,0.0602,0.1028,0.927344,0.324306,0.059375,0.104167,0.881418,0.883112,0.881418,0.000601449,0.00521953,0.00204804
13807000_1961_38_78138e05-94af-4a66-ab56-f86a104b2be2_I00552_X016_Y006_Z4916.jpg,1280,720,0.0563,0.5701,0.0625,0.0653,0.0542969,0.567361,0.0570313,0.0736111,0.853256,0.85338,8.20735e-06,0.853256,0.0268453,0.0104662
13807000_1961_38_78138e05-94af-4a66-ab56-f86a104b2be2_I00552_X016_Y006_Z4916.jpg,1280,720,0.475,0.2167,0.0641,0.1028,0.475781,0.220139,0.0625,0.0986111,0.959133,0.959602,0.959133,0.00030764,0.00227774,0.000662543
13807042_1961_38_78138e05-94af-4a66-ab56-f86a104b2be2_I00560_X015_Y006_Z5043.jpg,1280,720,0.2078,0.5153,0.0688,0.0972,0.206641,0.511806,0.0617188,0.0875,0.816367,0.826614,0.816367,0.00112092,0.0243116,0.00282771
13807042_1961_38_78138e05-94af-4a66-ab56-f86a104b2be2_I00560_X015_Y006_Z5043.jpg,1280,720,0.4594,0.1681,0.0875,0.1194,0.466406,0.166667,0.0625,0.122222,0.732868,0.741925,0.732868,0.00108464,0.0115101,0.00613741
13807042_1961_38_78138e05-94af-4a66-ab56-f86a104b2be2_I00560_X015_Y006_Z5043.jpg,1280,720,0.8398,0.5646,0.0719,0.0819,0.840234,0.561806,0.0601562,0.0791667,0.59552,0.598109,0.000126741,0.59552,0.190348,0.00307617
13807042_1961_38_78138e05-94af-4a66-ab56-f86a104b2be2_I00560_X015_Y006_Z5043.jpg,1280,720,0.2137,0.5972,0.0664,0.0917,0.213281,0.594444,0.0609375,0.0916667,0.913499,0.914225,0.913499,0.00034733,0.00276033,0.000914588
13807632_1961_38_78138e05-94af-4a66-ab56-f86a104b2be2_I00704_X007_Y007_Z5053.jpg,1280,720,0.8215,0.3097,0.0648,0.1056,0.822656,0.311111,0.065625,0.105556,0.949259,0.949651,0.949259,0.000268561,0.00210097,0.000434885
13807632_1961_38_78138e05-94af-4a66-ab56-f86a104b2be2_I00704_X007_Y007_Z5053.jpg,1280,720,0.502,0.2486,0.0352,0.0972,0.501953,0.248611,0.0382813,0.0888889,0.857945,0.858732,0.000568938,0.857945,0.0153092,0.00267474
13807778_1961_38_78138e05-94af-4a66-ab56-f86a104b2be2_I00736_X011_Y007_Z5122.jpg,1280,720,0.2695,0.1917,0.0609,0.1083,0.269531,0.195833,0.0609375,0.105556,0.8322,0.842121,0.8322,0.00168152,0.00851895,0.00233673
13807778_1961_38_78138e05-94af-4a66-ab56-f86a104b2be2_I00736_X011_Y007_Z5122.jpg,1280,720,0.7473,0.4785,0.0523,0.0542,0.746094,0.479167,0.0453125,0.0527778,0.842244,0.845694,0.000738428,0.842244,0.158469,0.00135531
13807778_1961_38_78138e05-94af-4a66-ab56-f86a104b2be2_I00736_X011_Y007_Z5122.jpg,1280,720,0.0285,0.9549,0.057,0.0875,0.0269531,0.959028,0.0539063,0.0819444,0.90176,0.903213,0.90176,0.000827072,0.00362861,0.00118712
13807863_1961_38_78138e05-94af-4a66-ab56-f86a104b2be2_I00752_X013_Y007_Z5014.jpg,1280,720,0.7492,0.0958,0.0375,0.0833,0.751172,0.0958333,0.0414063,0.0833333,0.842128,0.842152,1.86686e-05,0.842128,0.0140636,0.00223303
13807863_1961_38_78138e05-94af-4a66-ab56-f86a104b2be2_I00752_X013_Y007_Z5014.jpg,1280,720,0.375,0.0819,0.0484,0.1056,0.374609,0.08125,0.0492188,0.106944,0.785649,0.793982,0.00359678,0.785649,0.0140732,0.00275637
13807863_1961_38_78138e05-94af-4a66-ab56-f86a104b2be2_I00752_X013_Y007_Z5014.jpg,1280,720,0.1832,0.8438,0.0586,0.1042,0.184375,0.844444,0.059375,0.102778,0.942908,0.943469,0.942908,0.00043745,0.00226542,0.000502812
13807863_1961_38_78138e05-94af-4a66-ab56-f86a104b2be2_I00752_X013_Y007_Z5014.jpg,1280,720,0.3633,0.0174,0.0625,0.0347,0.364062,0.0208333,0.0515625,0.0333333,0.524526,0.528815,0.524526,0.00229842,0.00241508,0.000626445
13807863_1961_38_78138e05-94af-4a66-ab56-f86a104b2be2_I00752_X013_Y007_Z5014.jpg,1280,720,0.2504,0.3063,0.068,0.0986,0.251563,0.304861,0.0625,0.0930556,0.927088,0.927753,0.927088,0.000351387,0.00245641,0.000783715
13807863_1961_38_78138e05-94af-4a66-ab56-f86a104b2be2_I00752_X013_Y007_Z5014.jpg,1280,720,0.0922,0.4521,0.0578,0.0986,0.0949219,0.452778,0.0585938,0.108333,0.923794,0.925152,0.923794,0.000629501,0.00438698,0.00103795
13807863_1961_38_78138e05-94af-4a66-ab56-f86a104b2be2_I00752_X013_Y007_Z5014.jpg,1280,720,0.5195,0.1764,0.0641,0.1,0.520703,0.172222,0.0617188,0.0944444,0.929663,0.93037,0.929663,0.000915822,0.00296811,0.000844633
13807863_1961_38_78138e05-94af-4a66-ab56-f86a104b2be2_I00752_X013_Y007_Z5014.jpg,1280,720,0.3867,0.716,0.0625,0.0958,0.3875,0.715278,0.0609375,0.0972222,0.940161,0.942121,0.940161,0.00152379,0.00597427,0.00165945
13807863_1961_38_78138e05-94af-4a66-ab56-f86a104b2be2_I00752_X013_Y007_Z5014.jpg,1280,720,0.7047,0.3632,0.0594,0.1042,0.705859,0.363889,0.0585938,0.105556,0.922679,0.923761,0.922679,0.00151267,0.00498596,0.00179069
13807863_1961_38_78138e05-94af-4a66-ab56-f86a104b2be2_I00752_X013_Y007_Z5014.jpg,1280,720,0.684,0.5611,0.0617,0.0944,0.684766,0.561806,0.0585938,0.0930556,0.901203,0.901969,0.901203,0.000466913,0.00384335,0.00100791
13807942_1961_38_78138e05-94af-4a66-ab56-f86a104b2be2_I00760_X014_Y007_Z5073.jpg,1280,720,0.7996,0.0819,0.0555,0.0944,0.796875,0.0888889,0.059375,0.102778,0.924665,0.926167,0.924665,0.000506653,0.00451376,0.00134362
13807942_1961_38_78138e05-94af-4a66-ab56-f86a104b2be2_I00760_X014_Y007_Z5073.jpg,1280,720,0.6594,0.0688,0.0625,0.0681,0.655859,0.0673611,0.0429688,0.0680556,0.855116,0.855157,1.18968e-05,0.855116,0.0190833,0.00409796
13807942_1961_38_78138e05-94af-4a66-ab56-f86a104b2be2_I00760_X014_Y007_Z5073.jpg,1280,720,0.7246,0.7757,0.0648,0.1014,0.724609,0.777083,0.0632813,0.0986111,0.956903,0.957246,0.956903,0.000327694,0.00193331,0.000415368
13807942_1961_38_78138e05-94af-4a66-ab56-f86a104b2be2_I00760_X014_Y007_Z5073.jpg,1280,720,0.4031,0.8812,0.0641,0.1069,0.404297,0.879861,0.0585938,0.101389,0.933131,0.933983,0.933131,0.000341787,0.0061512,0.00188913
13807942_1961_38_78138e05-94af-4a66-ab56-f86a104b2be2_I00760_X014_Y007_Z5073.jpg,1280,720,0.3801,0.4514,0.0695,0.0944,0.380078,0.45,0.0679687,0.0972222,0.719473,0.755736,0.719473,0.00218214,0.0247121,0.00984589
13807942_1961_38_78138e05-94af-4a66-ab56-f86a104b2be2_I00760_X014_Y007_Z5073.jpg,1280,720,0.7512,0.6917,0.0648,0.1028,0.752344,0.693056,0.065625,0.1,0.918319,0.919348,0.918319,0.00126964,0.00366661,0.0011725
13808344_1961_38_78138e05-94af-4a66-ab56-f86a104b2be2_I00840_X015_Y008_Z5083.jpg,1280,720,0.4664,0.6819,0.0359,0.0917,0.466406,0.68125,0.034375,0.0847222,0.794443,0.836284,0.00547127,0.794443,0.105256,0.00353467
13808344_1961_38_78138e05-94af-4a66-ab56-f86a104b2be2_I00840_X015_Y008_Z5083.jpg,1280,720,0.698,0.0229,0.0367,0.0458,0.697656,0.0229167,0.0296875,0.0458333,0.701175,0.726907,0.0162323,0.701175,0.0105708,0.00159315
13808344_1961_38_78138e05-94af-4a66-ab56-f86a104b2be2_I00840_X015_Y008_Z5083.jpg,1280,720,0.0187,0.9437,0.0375,0.1069,0.0152344,0.947917,0.0304688,0.0930556,0.871141,0.875797,0.871141,0.00231417,0.00540359,0.00348748
13808344_1961_38_78138e05-94af-4a66-ab56-f86a104b2be2_I00840_X015_Y008_Z5083.jpg,1280,720,0.3793,0.0965,0.0602,0.1042,0.380078,0.0993056,0.0601562,0.101389,0.733882,0.756305,0.733882,0.00160061,0.0178329,0.00609316
6976409_1099_31_274d8969-aa7c-4ac0-be60-e753579393ad_I02230_X006_Y015_Z5263.jpg,1280,720,0.4176,0.6819,0.1133,0.2333,0.413672,0.681944,0.107031,0.241667,0.634743,0.635728,0.00157061,0.000374348,0.00563213,0.634743
6979669_1099_31_274d8969-aa7c-4ac0-be60-e753579393ad_I03900_X008_Y024_Z5468.jpg,1280,720,0.9004,0.1229,0.1211,0.2458,0.905078,0.120833,0.125781,0.241667,0.678359,0.678529,0.000612035,0.000282292,0.00362476,0.678359
6980749_1099_31_274d8969-aa7c-4ac0-be60-e753579393ad_I02260_X009_Y015_Z5361.jpg,1280,720,0.8531,0.1354,0.0953,0.2569,0.857031,0.120833,0.09375,0.230556,0.676423,0.676502,0.000153298,0.00100297,0.00317226,0.676423
6981239_1099_31_274d8969-aa7c-4ac0-be60-e753579393ad_I03890_X009_Y024_Z5537.jpg,1280,720,0.1578,0.1208,0.1156,0.2417,0.155469,0.119444,0.123438,0.238889,0.731406,0.733344,0.00284285,0.00321714,0.00883411,0.731406
6982934_1099_31_274d8969-aa7c-4ac0-be60-e753579393ad_I03560_X010_Y022_Z5429.jpg,1280,720,0.8395,0.6257,0.0945,0.2597,0.84375,0.624306,0.0921875,0.273611,0.553051,0.553121,0.00012835,0.00100446,0.00158708,0.553051
6983329_1099_31_274d8969-aa7c-4ac0-be60-e753579393ad_I04360_X010_Y028_Z5654.jpg,1280,720,0.7133,0.6285,0.1437,0.1903,0.721875,0.622917,0.171875,0.198611,0.201166,0.203179,0.00419968,0.000118789,0.00262738,0.201166
6988204_1099_31_274d8969-aa7c-4ac0-be60-e753579393ad_I02810_X013_Y018_Z5458.jpg,1280,720,0.0688,0.5035,0.0953,0.2347,0.0679687,0.5125,0.09375,0.238889,0.852895,0.852928,0.000110088,0.000762326,0.00174998,0.852895
6995029_1099_31_274d8969-aa7c-4ac0-be60-e753579393ad_I01230_X018_Y009_Z5068.jpg,1280,720,0.6285,0.0722,0.0945,0.1444,0.626953,0.0715278,0.0851562,0.143056,0.212184,0.236967,0.00953504,0.00034605,0.0200459,0.212184
6995636_1099_31_274d8969-aa7c-4ac0-be60-e753579393ad_I02380_X018_Y016_Z5292.jpg,1280,720,0.443,0.7014,0.1281,0.2389,0.442187,0.69375,0.125,0.209722,0.586428,0.587278,0.00120964,0.000936363,0.00451198,0.586428
8960856_1331_31_e10fda9e-5d6c-449b-b88a-86ebf13a876f_I00650_X019_Y006_Z5039.jpg,1280,720,0.1016,0.3854,0.0609,0.1097,0.103125,0.384722,0.059375,0.105556,0.900969,0.901907,0.00150034,0.00237081,0.900969,0.0354537
8960935_1331_31_e10fda9e-5d6c-449b-b88a-86ebf13a876f_I00670_X017_Y006_Z5087.jpg,1280,720,0.3484,0.4007,0.0531,0.1125,0.349609,0.4,0.0507812,0.102778,0.857634,0.859212,0.00283485,0.00289792,0.857634,0.0315373
8963963_1331_31_e10fda9e-5d6c-449b-b88a-86ebf13a876f_I01350_X017_Y009_Z5146.jpg,1280,720,0.827,0.8382,0.0508,0.1208,0.826953,0.8375,0.0523437,0.113889,0.752773,0.812134,0.120628,0.00227217,0.752773,0.0172289
8964796_1331_31_e10fda9e-5d6c-449b-b88a-86ebf13a876f_I01510_X011_Y010_Z5078.jpg,1280,720,0.6594,0.7472,0.0563,0.1139,0.658984,0.746528,0.0554687,0.109722,0.86556,0.866242,0.000695931,0.00320026,0.86556,0.045693
8964865_1331_31_e10fda9e-5d6c-449b-b88a-86ebf13a876f_I01520_X010_Y010_Z5136.jpg,1280,720,0.0219,0.8201,0.0437,0.1097,0.0230469,0.81875,0.0429688,0.104167,0.660603,0.667603,0.00355659,0.00547556,0.660603,0.0451014
8968296_1331_31_e10fda9e-5d6c-449b-b88a-86ebf13a876f_I02130_X009_Y013_Z5146.jpg,1280,720,0.3855,0.3097,0.0648,0.1194,0.387109,0.307639,0.0617188,0.104167,0.904842,0.906342,0.0015619,0.00268431,0.904842,0.0419072
8979579_1331_31_e10fda9e-5d6c-449b-b88a-86ebf13a876f_I03980_X011_Y021_Z5214.jpg,1280,720,0.2984,0.5687,0.05,0.0903,0.294922,0.56875,0.0492188,0.101389,0.764206,0.768001,0.00394826,0.00450403,0.764206,0.0263722
8981569_1331_31_e10fda9e-5d6c-449b-b88a-86ebf13a876f_I04270_X006_Y022_Z5273.jpg,1280,720,0.1816,0.1458,0.0664,0.1083,0.180859,0.144444,0.0632813,0.1,0.666531,0.669275,0.000988568,0.00213684,0.666531,0.0865093
8981649_1331_31_e10fda9e-5d6c-449b-b88a-86ebf13a876f_I04280_X005_Y022_Z5214.jpg,1280,720,0.9238,0.1688,0.0664,0.1153,0.925391,0.165972,0.0664062,0.101389,0.700049,0.703487,0.00259168,0.00368347,0.700049,0.0279673
